Customer_ID_Hash,Risk_Score,Credit_History_Months,Is_Flagged_Fraud
5b16791af4a4e0e8093bb8d3279f9154f063a4c85d417c33898d399f98e6c6d2,9,27,0
5fd474ca99fbb87af737420df529e5371ad962a1e9d12a6101f09dc42103f69b,100,12,1
587e9ed64baad64bad908968a796239f82c832703edd1e1834ebc6b070a5d5e0,15,15,0
aab9cd5657bd869b9858392e8ac086afa516cb4ef4a704b6096d363393c6c209,64,49,0
7e7109028387f62b77241fb60a11534b09ffad8db3c8713cb2179d46f6bd8a62,28,9,0
abd3650e1f84c78e15df1cd7b11b98622e890907e40093d134a22599edaf2dbb,89,28,1
9441d5271a7c53bd8d269b95baed1338137ebf740ba4d8551e05cedd00518d7b,93,2,0
e44893f97c2b5c28c8bf02cdfd3e70186a733140022b17e3b964d7d3b2f81658,29,22,0
9532dd0f1dc96acb52c7305db5d478804b289c18a5166798c83235fa132e44b5,8,26,0
314a708a68d51ce0bbedac8c4d5135915031bff6a23d5df3e2d4bc9883eeec2f,73,11,0
27c2cecd21dacc522beac9e9dc78fc73f3e2a12103708ba1e920ed2318727895,0,19,0
452f5f15f4568d389e0ecffd4aa9b22ac2497d10f85c1b55c1dfafbef5eed0a3,40,20,0
540e6e450651043e40eff0a86014bff202093597a258ac5425f0aadf8d90d8e2,36,3,0
1c8168b1ecddd5969b963f576d963cb1cfc7d2b6e5111f80c806d1e01958ac2b,16,26,0
67c3437b90b38047db103ae3ebdf50cf9f4f0a327a8140c7267bc47f25332160,100,15,1
7bfffb3669b92a74aa653ef24bfa1b7456bb7b9c5a548ae1feef53a789cf563a,11,12,0
81de596f206a51f55d12c1454424c7f4ff559bd5a4a2d1f17d9aebbeaae9f138,54,45,0
547a8279b7db2e302ee6ab7e500ba81bc49d2c1e1e94531f8c2027e67829887d,88,27,1
69b5171bb27d1952080fff79dfb7e59f78ad774d201307f4bdc98e273f0c242e,62,12,0
576a6d159e08dc0262ca609fd72fe22c7a7ab8dc13a9d8e9017cd0f10b331d0e,33,25,0
a379247e8700539da910bf4da49e8f5bce52306f7817a42f959cdadf0511b13c,72,25,0
71dae6a0cf2c30df1febf7f63a84ec0d745399342ccfa3c86fe0975ef8aec4f6,100,21,1
5228d21f47b6638502f4743648f52dbc114b6c8d87cd08a4f3832f94a31595c8,78,22,0
ecc779f63e48f7fb1a52c1c2a3a144763e05b4ee82194688ab516bcd226116a9,49,9,0
56111330377dd99fce5969db6998b5dd64102ae5039ec67f26803ef1c66ac440,51,17,0
94b9d8dbc1cad67cb4567f18d090ef35df7b2874153cec5484a13cfdc4de7926,54,5,0
395618aad1fbfec6670dab83d1de17389ef68b858c016e4030af9a9eccf92192,77,12,0
2b5c3c06442ee0593f59cbc68a9585b4557a49037b52c4c3302f8beb835cd792,69,28,0
58c51a0c3fd139be1af6f56006019eb827b8df78363122d5b8d76108870a159d,13,23,0
ccd03e961f2d243122718df9bdae56f9016bafad81c18d57f3ceefe59f9999a1,25,12,0
1df02df27fdfa4d407237437a7dd18f3e72d621fed89c8a989cc36a2deab0302,13,45,0
692cad7d2d33a9a1599197a4ae91174b481cf91ba69ac20c06e3433cd6a71340,92,46,1
b4b76896b774f2bf30924b352fe0fd1ac303e41f40ecfa7fa983ec95bddea110,86,26,1
729a1933258c857f19e67322369aec96e0a9639c55e6d785f65bc9a752f2826b,30,21,0
ef353cb5428ccbc2d2d47aa4bc3c58098d7ef1d7e7573a6b31b61c079ef0ee63,30,16,0
a1b9060884b2b91619dacefb1ef976fe5e35dd41f87e9b3371e5c96cc1848f37,89,28,1
1b57cf207c38039b86301144fe412b1e2991840372798b7dd0d13ad822d5a476,12,22,0
c222d6cf94ef132f934348c6b837e30711b4e0d91a90222a1f28ce09f8fd369a,65,9,0
9b6159ccb94f3ca9aad1a3e2ec0b6e811b45309ea47ca657c36a0650e42a9abd,31,6,0
9edce7164a5fe7d66ba954339ea4bb35d0690c8862c4d48491de12986051dd35,57,14,0
f86433343a47e1fa010582ae8f2679ca449ef8404363c3c2a5d7aa609da8cc77,36,17,0
02c0050be59fcbc14a7a394e0e8572bfe1103aff66e54834cac50c92edb50316,27,21,0
d40b8715f1e2d7bcc4527e57d25bfde557e8afa1b18399a0bd627f7a35547acf,18,19,0
9bcfb5675faefe49d9613bd750d8f69cc20cee56bdc6881706b4a0a3312f2f11,93,12,1
c4c4dc0b16fd278072701d39f08d199a8ee2b5e2dfeb99ea6da8514387ce7c3e,77,0,0
7a66c6a214892f9cf83b676561508e693047ea8db7af84486eeebbfb9cfdde10,22,6,0
c9279431f8b7737b70081320e3f535fdbcf2a94f1c2ec03208dcf279712a1e70,23,22,0
7b566828da3314215af92018e2fad6dddb1f1ab3c21b017d86f78d390de63d06,94,4,1
0c7aad00324405d0887137c91fdbe35f68b9b34917a50fa8006f7ad0bb1721f1,11,7,0
d1acdda1ecf9b94d3d608895f5f2fc395b96805097b7b3c19bfe009baa854a2b,28,15,0
5d26807692c0bab3e67ef6706c90bf54236562dd8e29a54d9d6d9985ef9f6f0e,74,13,0
a5b73d5bfa6b8eba4b2e5a69f6f16f84c68fea766564dc186c7ee2b8a60b65f4,88,11,1
79b9a08f8090a5a2036423861e451016c4b91b969c0b9894cbd1e1334b21cd2b,9,37,0
070d31bcfa3da6ee250944f7c5d56248bced556175fc657a634f6b5b1d4c957b,15,27,0
3146b48bab7693424ba9310189a709ca1036d660f84e30a78947aee96b290ef5,18,24,0
9b69b772652ee4012fb2bb6d921a75bcb3f24c1b554a2fae9ceb513ac8d60695,80,21,0
d882c575f824f124f9a65fd83b0292317f8ea3633e7d60b98acace4f2164f01c,71,20,0
e2c58b0ed1d159324e39a9cb4e169aaa5d2fd43e94b1963997725dbf8d0727c1,88,14,0
8a995e932e8bb723d0e3c9cdc2f1e6a7d74bf2ff305f9fa0bce726aaf1529304,11,17,0
199abd17bfdec0003349caf6c2bdc99d6401eae74f9a40027d64f9b44ea7ac42,17,10,0
a8d348386db86e38a5d854894e1c1c8e84c2aaa909b4d52db3043ca28fcb5e82,46,32,0
3094feb6addea6beb3177005afa98c2f968475e646cb600f8307bb369354fef4,7,27,0
859386ba68b1167c88e97ce904b43a236d10119c5846641f5ee2f475f0635897,75,18,0
24d892410937f42859a290da6889d57f67a5a1288d9d210a87568ec27aa134be,28,21,0
aee4ce571306a3e55026998ed9e5e1b31c36caabddab045ed821b58279dfc037,33,34,0
0bd51859bb336782f8332821af51c104d84cd1485999dfa5829bd08d374024ea,84,15,1
fd7b8c17653cd11f28185f24435a11d3188d427902e6ed6656e70365fdc04016,96,27,0
f646a262275f77d1219f7a8f54a681217045311d089baec86f3b758aaa264e65,88,25,1
bae570b990b1feb2eeedc94ab3a4a345f37e1da0569fd37cdf79dba97d8cd99a,44,16,0
bcd937a71631609663beae532b7c3bad26c88ec58a7ca5e66a6e61f4f1676099,5,22,0
a3f4f3133caba62dc1b170be35806483dae27127f9578ca341186a32aef54588,4,15,0
5ab3a61939fffb32bb700a882d60b851727adb1c0d45bddbd685db5a3302f387,71,22,0
b6eacdf121ded68df09a757c740d5dfa282b072f36c5cbc5e6dadbb79a820903,88,7,0
68645386c122a3267b2dd8b788cbb986745529b7f3c8b7f241ac59abeb2896ed,88,15,1
53525dcc8878d79c8d62bb56c0a8109417fa89a64de81b9a8f69ad1dbd4c7d97,50,38,0
0e82bd7e2f550e3b38b58e96fc7af2310b4580861c12eb7f507cc47e1912a309,54,14,0
4dee7f8e296d172be609229c9c512d2cb1e30e1a7a78e3bdac9e69ed636eab09,34,19,0
2694ba2a68cbb34279b0e7ba782c9c78e7d86dd9c53e35b7312bcc507b8755af,15,25,0
31f44845b65289608071363a14c57be0ca1d535662328991a8cacb9348fc25e7,77,39,0
10b7433c5138df4576363127fa0f7d0eda01a684275f1eb19d9f91deeb367ac1,88,32,1
30c9cd099897beab6f9ae60676ad27f774938b83cdfc90aec27f817a825a7ebb,15,23,0
d6be00b13c93a62a884c2045a08886b44d6f7bb25074b124967f6a92d5318bab,6,7,0
75332c2cf5653b544fa057be7e842b6361dc32fc2fac57723d7803ce31c9990d,85,7,0
55058a8c7bfeda74ba008214785165d7c4c5eccfb8f4fa7284e7f5fe602c66c8,22,10,0
bfc0b07469a6c2f34dffbcb1fe2565d4dc1f4bf03351f0e638f6ec42331417fe,11,35,0
98098b80331a9e70442c157ab67249163e43d089c573661b1e2e9db51684030b,12,9,0
559eb59ec4a9626f5f6eeadb23ababd85633090b7fab3c5aca801fad91f99cbe,92,14,0
f08df21413489da71c2a3af3445310c57f6896e6de081c42cdac4c3ac7b1c99c,96,57,0
1a7f681a71c0a9348679caf4102125d4ecb389e3594e54e47df0677be38297d6,62,18,0
5e4908d49376fb226b0b6e0fe669192fe5f5d2564c5f185ba7baacb37f8d532f,57,12,0
69bab4a490ec083586ee53f0a5e5cfbc2481a6c1333621d59c8ea9146b0c5abb,79,34,0
6cef6b8a49bf33768b17ada4b0162942aa4074a29d4aa1f3460821083c16202a,42,33,0
7476b9bebf77c7ea1db99b5c78bc8f3ce9739fbf9082c1aa14b72f5103fbcb2e,57,30,0
c4e4cdca3beeb4e17c3ab88855f5c72e3ea4bcd2e1fd6baf5b4088d89f499d10,97,8,1
8b086f29b8fd5511b6a2f19baeb0dd373d79dbe479303fd5c59c1b09c9df61db,50,48,0
38e94c554b3b0052a8935c000c9dea953577f16ca69e0b21787658a47201cf3b,45,11,0
d089b71d0f8d003bccef619585eb3a3188eb4ac04d869e93572cd71d24b3b113,40,35,0
ee2e8ef06739506c32f5c480c14523e4718d988003e7da381c4ee7bc9b415142,89,16,1
7f1b038e98c1bac57ae118c24af9ad32ad6885997c71892723399496d77ed1a5,73,13,0
44c29677094d1fb65f12c2236fde8a1031a1bf209166ba4e4d34f6bacfefef61,37,18,0
e5db7973cd9c759b06a30032856d33f3db7e1bd6308dc86a2f60a39655c785bd,0,5,0
93c6c542aed46ff602eedebabc7e309813a39def5b19e4afe08fa0311189d8ee,18,10,0
41cba4b79531d626b8745a00ee58b7e28476e83ccffd3d8e664a1c6cef5df3dd,23,16,0
bd3fd3f0ec8f9fbabcad2df8fac054c93d55bb5164c2c47e6d79a771c638d9a8,3,16,0
08ce684ac31f0958604828f081de39589a7b65e2fdc40a3243b923ce202d546a,29,3,0
6d7e63f33181bd2c0720d5ff61695eb75b9bbf49223a624993168d84e97e63c8,16,35,0
bc85ccc53a28d6caa5c2861937f8136b2f69bcf013c6effd9c2d6e9947cc698d,84,13,1
c25d615fe3385a8a102aa6a2bf209c43bbc24964e3c373b34c3315737d0c7770,82,15,0
9dcc391705db461cba2bd8753dce826b4eb6291561a0c0e899970f2d8125b45e,14,17,0
c0b8d2c8cd232f7a5e56fb613df4947a8b2cee1f53eb4f2b2cba62faa901b282,51,43,0
5b1cfd65d73e61585138a1b9ea5fec8aaac8ba6a48fd1ce6a5c64dc3839bcef7,79,12,0
7f8243d4c3b3f4f93427749f290aa8715194e38021ebc11ecd5a55f7c3ad8916,17,32,0
15495067b26999d361f900a982d9964249a636645c2cdf72333fe6a96e51b356,50,27,0
7a37a277f10d0d92b57d8f6f6043f44e5c215e7c2fd145f164bcf25b1d16bf47,53,34,0
68bb182517860befda32a2e997be6b545ade3b3f92d48789e26ea25c0d179713,25,5,0
8172c02b39646681f26c08492dce871ae9f575165465f02825d96d9b30a6b6cb,48,6,0
61d5e489f919bfd49a3ae6d52165219fd1986698951513b53fa8e47351053ce0,17,11,0
d709a7d03e98b3e3f493d72a459d2d0fd27a6d26211b9cbf15fa58c5b9ca7482,32,60,0
6ccae01d905f8b36e35cb9009641793e3ee7219fefa30c6b5d30619455aab1c2,81,27,1
60b951e9e63d6e075f8d16b1aa3dfa2d814a40249ea826fea9d941bd1ce7cdb9,80,14,0
48dc4ece892ad5cf027ce6e5f67f471c0542cf8ca22ee2b6993bb825c605763f,41,36,0
3c1834668e66479d33754d9e1ef6c32226a153a89ae8aab7c6fefa10d9d03914,90,10,1
d1f695c3d10724510d6d8cdeb7337773e400c1e5cb586b1e6b10a4ceca78b3ad,12,48,0
f68ca6ad1117320d421baf481707e5a1fdcec2f1b03354de99d39e7195abf5f9,30,11,0
ffbcda996d4c2ed21bc2638243698394dd0edc08c5438399de88ca5165b7fa01,81,10,1
f7978d9cf0f21d255f02e1697955e2fe4d45311dcbded335f447096b072717dd,17,11,0
7bfd8f7a5887d960143e5ab914f7bb59cd00d4d8cbd9b43fe6c90082d6f2e49c,16,44,0
8ae2603f8d1e9741028033833b710037de0f66bd330f3b132f02af7fd1c22fab,0,12,0
8321c4f4f2d562d9b8910eb5c5eb8312d1d5b25507cf6ff50b3e5128df446b14,31,31,0
b614003de9f617003c64ad40cfc014b7571ad7d1ef740b2caa9f0342f17c06ba,73,41,0
8e8333db6b20c25af84718ab22877ab021c8c726b807affd25fe9e5fa6f8ebd1,64,7,0
d3e866dfc7f0df22d408c5a535e5b2c8a1f2cab281326ff76feefcc1778d8303,38,70,0
52bd2514370c49ad35d69f06ee24aa661ea2e63417e83ecb1f2de8ff63186f38,22,51,0
376c2779025510870f734bb08aefc4aa95ca47832650c04d3f01c28b247ba93a,96,23,1
ac49c90f8c7de2e94db2e8f763cadfbeb731c4821f572985e86ad8a7645387fc,66,6,0
3152872a116ce6b4e63594cba26944c0783c921ceb8dd7caef1a787ee072d354,67,50,0
120cc64691ab7adca244270e325f8569af22bc20228394e04a6b5e781c28aa29,62,17,0
2ad974621c9e8e40dbec44d2d2a0b89c6d0db43ba9a82367bd2e79f98096de9b,95,21,1
63efca431a85ed2975f0c1a22cd99207f44b7245d17f942a8beb1d0159b8a847,99,11,1
41abf885a40660b00ed86dd9f6fd36378bb27e6329933af91fd6c80dc237eba7,27,20,0
1a46e3d211d5a28c52a35c54044c6004d16e7bf55252e5d39bd94dbd2ea706f6,82,19,0
494db64af15bc72222d30e6ac00bb809213b875a795ab278201a7b308a941b1c,62,6,0
5ba58a5f00b82a431b7eab58d2211f57272906a4e170d0b4dcfc7a4ad16dbbe3,77,21,0
74edca69690255baf4d673be52a4d2fa57aa3d3fa18c1b6ff5a185203c5a4fb0,48,35,0
c4926d40d0d8256d2e2aa0c8fd48c9cd2c15e9858d9f0390aa8cf2218596c196,93,22,1
06720083f07db8e23fdaba33de06132b72f0c964b130046e7de2190241ff8a10,75,39,0
e140f35a3a097ed3af6e3889f2eb31af072ad04f2f89f6752bde2487571fb23b,86,17,0
8d7919a719e008358a279463774096b1fa66fd293fb0db8169c902a22ae631cc,37,19,0
2ceed341986f133bc70181b52035914f7dae455b34474c7cfa96d14b27fa43a2,11,4,0
36772ec5370f321b14e3ae3dcfb4255ddb5daacd1d76aea54e60b39301185be9,21,7,0
cb745b4ce33e509b09a952e9baae1f18aa6ced6834c1b25af4f84c4cdb0a96cb,33,25,0
542063fce4dfc589a0df6a923c6c4d8876c9f96291baff4ad15cac2f8f3c31f3,95,26,0
db89e58fe6f2e5ecc8a5f379f31198779e4a44092d06d6dc9f6487d794fd2631,43,1,0
f30a0c87f14acb2317f107fb9f91108758147e5f9cffbadfefa56d1cd19c4d48,88,7,0
472d6a1f9ecf3e41c1d280ba96fa297c8ef6c71084ed43adb171b176213f3439,96,39,1
9940fba4854206d9f287b3535483863c62f734ad7e95e8ec2238b04789bd7f13,73,49,0
b19c0bc2b86743c3741a85693263bce661f1e9ecd4044e169036a5ab7718011c,40,13,0
9d62e2cf5d6943cf823ca2c5e2f83de321b031281494b28d922b1cf3cf60679d,43,7,0
2a320fcb1cee5688d68d20678e54ea05981701ba73792eaf69d1754e46d62b8d,90,18,1
5a93db45fca963f0df0a5836e90af83bab15677a47658a9434935a7bcc94e387,71,10,0
721650228f42adb4b4f8a7f2bc2d795d88e9066d6ec5e18e85b4cc9baf43ab12,8,18,0
68cc4c6244aac01d994131cc2752b993ca25fc6fd30d2298262ade223174599c,85,8,1
e71b181f3a03574d3e053bae57d3b3c238623f403bf9fdc95d4b39db73dd517e,72,56,0
f589dfc59c1b21f2882609b52b4e0c73496446b8eb310a59b892e8b4a170065d,28,23,0
6bad77f02b3ed044d51035bc510892459eaca3644d67b8b6e559aff6c900757a,30,18,0
77c0a971ed4e3ce728e3d8a44557dcd8a2778e39bd26e2b085c9dd64c7517bb0,89,6,1
a1eb7b975c074f1caecf77e8824acd780f5f39c7e411f6a25948a4bc7e2b2ba8,25,13,0
3925607edd3faf0620610d7448aa5fd14bcd32ec4075e438877e3141328aac3b,78,31,0
45e0edca560f2b6333abcce1c2a5539a494a296aac6520ede6afce5d7642dd1c,81,18,1
37403c2a24c83e761445899b61c80c95888d000a4bd0a53e9504a2fff599a2e8,85,3,1
73038e0376b415e389b72278f83d20a35950044c541162550a2af6cd4e879bca,62,5,0
a85709cc83529db63259a55319e003a8932739e1c7024d1527ee80a0c5a2972d,13,10,0
64cc9015b063a9d8e5a5ea68518ee47c49a25919088c64e802b2d70d0557dd02,41,23,0
7a05b287d98846100660a381324ce2671b6ad03052b991aab865a45c0751fef9,33,14,0
e5610bbc034bf93a492b86f5c98e60d287fc05deb521d26be78107dd19f4c906,4,12,0
f4b0ec91e1156d017bdc7c9ad95369353eef8dc1687654279cad712abc7757ed,87,20,0
add4f7d10048fc68410376118a8f2d2e5224efbda8702fd6d36ccf91eeb29e99,94,6,1
3704b1f4b99c2a78d4d5fbce7ba001cbaff08571e5dfa5d236459b36cd37e3ea,28,34,0
1c921ac2b182289767f747132364362305173d63d5141d8d023df9cabd030ba5,39,22,0
e97359cff73a13c2c9270c9fec8d4bca3eda2b5f9293b4d28993a148816e8d6b,91,31,1
906ec44495b2da614239fb1ac57ed1d9168ba1b5e2878a7d3208aee9d0f208d3,9,12,0
da34c0b31b62d3f9d29d642c4a1b10d7eff74db76866d84b80b1ba51a5cded35,7,26,0
e5c2106852c300f31bf004335761e64f648723c853e445229c1f61aa13bce7d0,22,21,0
436119f66356ea42b218af8ac9eb885d44fad9b0345141ac7ea06e1628b65331,32,12,0
9209ba8a3fa8c3dbea19667bd80ca830e775e61da20c728fcd876384bb641870,3,5,0
2ceaf2443bf90618f016370531b5403b9f59639abf3334fdcdab8d06766a25f3,9,18,0
637927f6c931ba6b3ed60064dfd7e7f1bd61e2dfbbe670037b664e6f58d77a4a,52,12,0
89be3bbc7e4ed8496ffa0c1f7a5d81023c5cc801065de045efe810320f281863,76,5,0
0b90449e2d25eded752caef2f14750f4f1d013baca3e99f5a499223eda90de89,68,3,0
5092bfdb722da13292c68bc96e39f17c5711deefb5a089823818cf174c43be87,30,22,0
f78ad01a6940d738853881d9481098d6333771d6d808ab9597e73e3a7b06311e,70,23,0
3969381d9fb8ddc42278240885f39916239c949f5387c606909ad9208ae2dd2d,74,25,0
d7d77656906390fe65de36c35080a7f0cc0fff37e624e0a4b8c128a1f9b31c4d,30,4,0
627d7eeb405edf5ff917160417bc427e27f90a4557a0dac58b35fbd3c732e51d,9,14,0
23d750ccb3e80c1283d4e137a019e680c621655424c8eece4f4be29b20630294,2,13,0
42585520679ad1437a771177b06fc4fd451ec96f1c02d3d153dc53e38d5b4353,65,20,0
a575fd2ba5b9d73dc47514166a6ab84dd3a4fd5c55b4e848e4c229f53326f108,13,0,0
caca42b337ff8a9aaa7423c1b7bffb886f015f02d64b63e3026e32767157abd9,75,10,0
3c570d581f3cd5be5c743842a077b16de9123e899bef7c69d235079a02239e5a,52,35,0
db38872420ede15fef8a1c84f1d0842cb67408b5b6bbd76cc3938a86734c6d60,5,15,0
8df0aa362b28e2659113d51c4aa866e94ff61f6120a0b24771f6c17d838b79ba,93,18,1
16aeaad75a0c72e0618343c3667ea3edb82284bd7d8d7150b6bf2519a54619ee,84,22,1
aee396c29c791639108a14ed329970a9f5db666a724d03ba614c64e1ec8801db,48,37,0
5a143b73e5c46f011f01dc75c6f7a290e983743635c70abf80e163e0139e4ffd,62,6,0
3ad08a4d0f116cf743602910f070b59983d1d70b5532060d075a6e968a0eb7c3,42,13,0
7c81460503f133abe3356ff98d3d9beb113a0bca2311f60d285e15d87efebfb5,34,37,0
2bffb51bfc0997b2b7dc13e06ffa2f2b09635d3ba9f0f65fd73ba4e378f5aa9f,40,42,0
95e0bae9bf6544389e93713d1442fb3f7054c0048f0649c4adff7e5a83ecb645,46,10,0
915218c4199609afe4141671ff0fe0c21266e1b8f8c5f255f8fa5e4507026399,32,5,0
a6bdf8f9d2f584c2a871f67522bd553c27ce40c6b27965e898de9d24886b9f4d,94,19,0
97a650e2b80d474e2d8c04a99513e011850e24ac1544b8b60772013d14add370,86,12,1
da9bc37ed0fad600e3176e80de9e62cfec2515108fa2be5dc537adb227c3f77b,58,4,0
ea7bc60452bd62976f45f0dc8d6a185f0d775b15d25848fd69f885423cd21292,69,5,0
be3e51d0c70255769d0d4fa41339270343559521dfd1e2d17dfd8fe8e1cc395d,45,11,0
cb418f5d10513fa77bef02b4429cbd4d09ecc18313527e7fc8612c60c9d2a49c,18,12,0
52356d8bf281db69aa4c740a86ad263c673803401aa8430adae3d6a47760a769,50,18,0
842ca3c56f6f964db301a61aef7d9e9e2998844164cc41eb702b4b3cd25e1d8e,44,8,0
c49a9b0de3c27828c0b97a2e4e0dd212717ddfc04ac3bfa9d386b3659d8ae59f,1,24,0
be78d2ecf305d99d7bc0525b3838727c300316f7c63562f676275977128649a3,63,11,0
98bb467621add47d75aea2d09f8b9e61269bf96f44014c2c63b04d04dabc713a,77,26,0
44a3be84c7abc4db1521b4ee6d5d1b912542146916173edad529f1e8efbc07b6,18,13,0
3e3c9ecfb32d16de08d08b77bea95d741bebd0b4b67913efda44191930914176,27,14,0
2b4e45b0996cd0f92437edfb599e91e8928e1986596b89c9380e3cea93da9bfe,83,4,1
18865cf73f39ef42d4dc7906fc58642dca78ecc64ecea88bdd994ddb9f53f918,37,37,0
f346291204c72cf018869aa2e16053f6786cfa686b21ef20501d12d0fccd42ba,71,16,0
6ad5f546cd88de8cc9e265c1824e2db8185c9127e72e2bf63f669be210255c74,88,40,0
f17cbee7e64a5cc1ab305dab8ce60c4d530a1d1987c0dddc8e6df750188fb088,15,2,0
8cce271eaf17974ac23985df90a135d268d9d6b86817acfc6659dc8a8636b377,55,10,0
b3bbe9c5f20764acc07db9f2911571ffdf99d6b16d60ccfc77ef07151cf87651,6,13,0
f7c0fa4b7796d5a10e59a3ceb7085e4f2b5be9b234c40c29a905141f47a9a8f2,44,9,0
e7eb7577c0f3d38cd3cf6248b12e82b2b33d465acbd41c19b5e2d25846ef43c6,9,31,0
2193ecb5d9385837934e898c5c4cbf75c31f282da0956d5834c57d29d63c867d,50,11,0
f3be236c1c064c60d44d9c2ac63dd9f50427ad160350520cd51c0933b46abaf1,0,29,0
811a54acc9a36066a4fa34dadb90fbe40bd81cbd7f78ed6bff0db43dba440b72,44,16,0
c18d5aab47526d214f6fa8f3f78948d2af1a43feecb4649727a3957746cd04ee,68,1,0
5cd21d7bc8e15f1a03770d51fc11bd94c19f3c1472f1fa8598b15819417c039b,14,10,0
fe7d2c23e34c6dd18fa920be2307745826ea72769fa04c5595ce0016664fdd42,4,48,0
e33b642e4c9c933c4ff97c965264ba0f2663e124463c4ae07fa6e6a8fa1e87b6,6,24,0
b616217164bff42d194f6e7f2de861d471ed4bbaea3bae7d65e44e85feaaca5a,42,25,0
860664823064ced05d323023a75e4506576fdca8ebc067bfd43ec7c5df67e678,73,15,0
a44cabfe6d74aa4b70688927e7196491b67aec9686b8382422d186e38d262c12,44,6,0
ac53e0f3c542ed71651fbc8ffc9ec056b374960252a2c576eda0773a301d5bcd,100,15,1
6928f093c670b6107049a991f071f0c60d7a807ed04f45029ebe9c463c732591,90,32,1
9b885235a74ba544687ed596c42dea56e616d9f97210afe0fbf47be8c46883c4,38,14,0
fc42395bb220f3ee7efd700234792f6a47d51b94a5a2907291f69bc3708d25e2,20,20,0
90c0a217e354c15a987e5e12f610c35ec5a893de0e5cc5b13995ba8b27e82f6e,9,2,0
b3e23ef38a35bc268e3657f928370199b5696d5d7cacdf45d845b137c1df57a7,40,49,0
d4fc4751c1d32543402ae3115e73d78d2e12759e62d27d144f9b7579991affdd,16,45,0
90f1b2009845808f531e2b9aa9b27f8e1e3d565bb08d1efef14c1092b4bee964,75,21,0
ef6bb16e600c50a499a716661602bac107c858aba0430160069fd50a8607f115,39,25,0
d554165fb4941258be778a655487171d38d5962094f5aabb85987cbaf417ac9d,58,12,0
1b3c90bbdfdb612c6b012c8c2eb1a8732c763ab1537d33f9ef206178140ad8ea,81,1,0
129a73fdaf1d223da7ec6b887449edeb94d6e0686d3f34f49c1949dd5223a98e,39,6,0
8f2113419999aa16f29b5e8ad312b9fca5968c417e403054d234ccb766e40048,49,10,0
f562e68cc63c29d3ff8dd0a00a06fd23349580c4f107168469e6f0921c2ed52f,97,46,1
50ded9da4a0ffdf790dfeb600b06b1c58808d74e35e0278dbb852f5af0e55fc5,11,18,0
34883e8dc52d263a5e467f661bfd4ad57825a3b506ddff120668ff622ebceabe,78,7,0
ca11f95a50c92f9ccd4b8f547016ac5c0fd9236cbaaeb99f884e3127d5b0c325,79,12,0
df579740b1650c5968f9c0ab8a85b41f4ad2c475497be865bb65d9ae1f28ddca,21,20,0
7753fa10035b1a789528a84fa720cf99a827ba112f769e8430693da50cb46930,69,7,0
41c144ffc8e7fa8ff38d2077199dc3c9f2a336fa4c3ec5960408704c6f111281,48,23,0
bd545392ddb672e861c3c5a9d4c965690f6a3688c3fada184863322503e63990,60,24,0
ff835b4b99c01c331c56085e9d525fca203b5c3421a293cdcff57164968ef9c3,58,11,0
4a25e0b1656756b0fea81b4da0dd36a4b3c209e2882b78e5ac63c0bdf02708ee,13,27,0
ce20559cd872530d635f7347743ba759f313a9b329e05034e3f4a45b442800be,3,29,0
22ddf63fd9217c8dcd01cc82792086573518fc29da25fb3050b2cd3038318676,31,39,0
a8942211a5e0866e7a5d3e7c5a3a8057464435187414bce49d81f1b74a27d72e,76,43,0
4589e2bf86d4496bce85427aac34271620ad92d948e39ab5d46907f056509abd,87,25,1
d8efcdbf1019b6f5729dc10a039b3b3c3291a4e22de59f525d39b67ba396a2fe,17,6,0
7152ce070961d5fa8dd99d57d761ab37c19625d781690863b82302da4e327480,29,14,0
677ce416f4a0c28871debb919bd9eb88d8c0258bc187f4ba7040198e4e0f6047,69,24,0
db84da89484e812ce85995b3853f16c1db8084a8c7d57bac121e83bae9e831e9,50,4,0
ee237958769ceee47275763b7d0909960315a63359bcd3a99624bfc3e40b63b8,51,19,0
67f27392befc47a150f7d100ac32eafa45f45550aed5e63602e6e7b3271d7924,20,25,0
3bf04a422e6e6a2b137f6297981db54c5259220ba6c5c2f3b5250d7a240506fa,5,25,0
b825492a8747dba27108843dcc98aa661b1e137e59e830476fe439ebad11e8d1,70,34,0
57e298d230315e3f681ed3e0fe03af27bf5fd940f79ae5ecca0c96f21bfeac32,61,26,0
981199db315ba869ad908266ba3ce6ebd31fe3424b061510b83fef71ec72a057,16,14,0
a2d14436558f10eb8af6b477be5001fb6fb9917489eec71932ab1df30be6f1e0,74,22,0
c700fb1b3b44a820dc776d4b5764b58c3bf88a18f0ab116b9c00d49c1547e83e,4,8,0
23664162ae71692064116276da6fdad99b50508eff322ac5a59b6ea5cb93c6f7,22,35,0
74b2956e8b2e977c783bcffff2e33034281f03c2e735d68bdddd9fb4a10319fc,19,8,0
7d77630f9c09f24aff8427abec4a05ef41c601911dee3ed2fa0437223605baaa,85,20,1
6c00b6609373b72ea7450a41344462b57b9c8c3c129efc6ffaa1cc7f331095bf,73,54,0
6cf93fb09e440e48f94c0b773fe9f245dc47bb65ff0f2926b2984e78713a972c,35,9,0
f4bcff9b9e50802250d7fa81605e1de0a2ee688aaa6905d7d5f7d97ec1e1a85f,35,21,0
5c466a0f23660df11e9b1f2f09997b294aa41b08d94b5c5fc405d28107a6937a,11,22,0
f7d59b6935d26dd193c914d6ba7e6fc0a349288b3984d06fde9453f138f459fd,41,18,0
60d462811c018b96a9e80966522e6ab8497647fd11d5798ef9fc2ce576606f7d,54,8,0
ade0ed334e127352815946c1bb04e73e70e5338a4d5fb10c46226d2d18d3e573,82,4,0
7159dddffbad393866b8017e42b1a1797ef835ff97da9429fcadcf4c05508b54,19,14,0
8e51bb6f585153ac45feecc7d1f7b07fb2b1b368fc8c95399793684c85862db2,41,22,0
1a898cd6f3bc861399c583a66822561b259189b8da6f2de9cfc45cf3647242a0,81,13,1
34b0d363f82ebfab07fcc026c82ae25cb818baccf7952447b24909b6a8bd474b,61,9,0
9c557611b9e689baa60f9fbbb0bd1924adbd3c2097ffa5ba2084397ec8e65e40,10,14,0
aaa4aa9161d58ad1aede855172bbcdcb3c327170128c6f333c954bde0f23e15b,36,6,0
19299aa3d3b6ddcafc2a54be8915dcf7ee4dfd64cf6d48c31b2d136639296b09,0,18,0
77e0e32f1c289008f3f6186436c219e15862ff856546a3ccad6caba70bc21a29,30,17,0
befd441350d7fc61ce23468b4b8c3c87da1770c99a7e8cea6fb65bcc6399147c,62,6,0
eb739ef80d985a8a3dfccf1053bb8f616c1d21ee7192e5aa757ef38cb7e3ea65,85,21,1
c4f428703b12ef9b71582132e96ebb7ede3ea16a0e0f1fbf2dbf8e29fca07f61,32,13,0
2d36d6ef7ba2288a9c8952e66f4ba6ab8333d9d06ca7483d0de5068d63be68f0,81,23,1
93f550353c107b78999f43c3b1481e8de93aa5996c6ee9aa08507fea94cc9ef7,13,14,0
d67b0f9fae565713888781079bcfe0766f06d4a6797239701b957df3102686b3,67,3,0
9b69e1afd44027df1b23c576632ec8e0e9122fec67f744c9ec4a2406db198826,31,40,0
6b6a8299ebdb379702bd25b991164d35bb0af93de5d877d49577023fdd3ff90b,32,16,0
c3d56128d4b3931abc122ac66f7aef14915eeaf07fbc5bfdba7bbd626ad94fc4,96,9,1
928a55e0991536d35e7ae1c65062aca70351dd34406468f37fd4ddfb76446654,38,8,0
305f0a99ac8e3a804e74528de61296949b280729c610e532a59b1b92dbec71f8,37,22,0
f95d3bfb6cea497dae786e57a063e3f98ec1fec9d32997db5ab108d7ddc3026d,79,2,0
6f7f1ea0b2d0283c9dc85203439d3b0122356f27da3c34dad9d02959eda280fe,59,23,0
4ab1bc16e208d5614dd6a9324484cf6a6eb328bcab4ae372f1174de0f8c8cf24,20,15,0
d31c82cb503f5adc5448124d24115a8b80045ab0b873a568029e91d501325269,31,17,0
99302896ad9f9b2f1bbae4bc65bafbf79c939a27f65dc1fc9f7e20227673d398,89,3,1
79f146ff298fff086c2723104d56da6c8a0bc8096eb578bd6f5e708757d58af5,0,26,0
6ee6113a85977bddbf3b7388250ceb6d0167155bed75b6d4467f77e385218a31,96,16,0
2bc3e3cf433f9ac9890627dc85a85a73aa8adf2838c119e682b553c71d4f3bbf,25,24,0
18ad4131833656f5c07ccf9a43c3a4be63dc955baf34ef0f8d4621981d09c0a7,63,7,0
928dffee8e4495eb1bebbde2ddca690fbad2cb2ae9b51e3aa6598805d698c2db,59,24,0
07d19ea2e654cd8e9224604776549a868dfe6ac33b836ee8a1975811be2c5b5d,2,5,0
0e90ce64f112ae911d4789199d4c42bc56ab5428ebfb9049c3b9ea79e5f0a623,30,10,0
4a64688bf56636c44f7fd6dec72b9c811623a53700eaa048761b7f143ab71083,17,7,0
e42388dd96dce1ebfb1af869b85ce8aab83c466eeb4939a7e63ec1ad052fc7bc,59,35,0
3a0b651869f0307ed3a0984956812567865baccc6a117ddc6728c7ebc760a878,70,3,0
c1c7d2eac9bc727efe535625f7b5ddf9e09ba1f7bf20c8a53e10ef3a66a5f17e,63,11,0
756e946ae051c472fef19525a82e9cfb9dc76c98ecf861cc454cfd8b1f2e1edb,86,18,1
923968d7d85fd6ba55e6532e8cd4a0f825db5bd235c272bde1fa1225721b2c3c,29,7,0
6e01bb0ba163fcc13e5dc0c321628ef6ef744675523832c25772a249f72caafc,71,6,0
dcae2d6692108a5cb201f5ebc72682716762f2b02c1a33e9116fa51dfccf35ca,92,17,1
eb17818e8c51fc5b43ae4cd0a82f237df923964e4fa11b5f78664fae4e862e25,19,11,0
0cfacaf40083baa9f407286abf032200312479ca1e1216dc0bb8e624bd323b9c,0,19,0
1367da6e872fc4466b96a6839799bcaf3e36a51d2fa1f0cc1d27fcc5078382e0,7,8,0
4c5953669a9294dc0b0c39ae41a3f06a9f95b339377a407297ddfb6827a481e0,93,24,0
dc5fcc256e9223998f4bc40ce879708cb14cf469f218e283d95edf45e0291714,42,13,0
693d3a5c016028da300115b033d174c5688d8ef3a64f588d69251fece37087fa,87,16,0
564623f753572c490fcf347107f33f17271657ff7e8b91a092a022145e3b32f1,57,23,0
0ed3347ae491d3c1fea54d3bff25dfacea9a56afce5b5e494f9af90ed863b354,80,9,0
696ef0fc54a4e33e18eee06b03625998926444f0d44dc6684a2d94db734cf6d0,2,8,0
1a863988409e75533ee2f24899e6daf835c7d8f8181db1dfb96c752f93a8e870,34,12,0
2e06eedadc4232346810823f6f5484fb985f9708fca74efc115d51a65dcc948a,58,30,0
2250a0255c6ea989f04c23ba6b99fe2adbf834e4ce6fc185f8eedc7865dffc08,76,12,0
960db13f98e9bdb7807fee174175319449f702a6f52e508dce18a5758507bfd5,10,18,0
97431ddba0b2b4aafbc8941291687d33bfe1ab8697a35b3ca7b990716f958616,79,17,0
dfd9fd1671caf3cf42e1dbd47d2b10a7ef6e134bdd077ceead9f94714341cc04,32,81,0
07c6f0992463c2c40def19aabf575b3601e82c8be39c55c35225b10ffe0dd92c,69,21,0
9fd708d6488fde2661345c0bf911b5a9c88dfa64f37edec8e7e6e5402300ebfc,91,12,1
49ba74c21f3688a24fcc6a58eac36d190e3fb23eb9f9b45356be940d34110a66,16,15,0
b7b95bccacf81ac23d9c4d3110037246cdbc5cc02b3bfab6c8f8e2dc5174848a,5,10,0
6b5a23370f30e1075199fcecbb27b2ca4559ed8a1b58a6d4c19d4f59c3b68eb6,63,36,0
068102e1ef995f136ee2348555164c53219834f2f26548279717a36e041415e4,83,43,0
18cff881872419742cbe37136063e4626a3c9010fe398e1152f7da6db03db12f,75,25,0
0cbf98ba95e9abddca685be9efb2bb18c7a663aeed9572908e2cb6a6aafcc847,42,11,0
93b0e624b68253e192e0e79944a8c7d83df3f524f74ad06c6a74c2e6d72cf51e,38,30,0
c317b15b050d3546a98e09ed4181516e87151914ec0cfd668291ab1b2ad82fcf,57,6,0
63c56a4f0439dfd23c4b5d6384a34c35b33c6e12f61e64f71a9919d6b902f98a,7,16,0
47a79fbaf0f7d9689af79a4eff8f00b4770e54997b217ad9cde094eaa07aabb8,88,29,1
c3903e235ae943f50c84896ddf38ce386c9ffe12bc75194095858d593de3774e,96,25,1
88a1ad59737f5eb185c91ce1a8e312bdd84153773430d6cb389f4ae952da4856,38,14,0
1fbe049761c1deeac82fe0df14dc5a476a9d096bc7e5110819db48c5227d522b,48,8,0
e882bfee034a56b5b0b2c3187735ed5f852e8f45b046405248c119313d9c164b,27,4,0
e76cc2e6ace464b19a3ca8026c12fae9ad8a74c13361f13fd256be1c8807763e,64,17,0
0754243bc1aa57b862156e712b55ea07be1ea8380c1e95921a14c1716586fd1d,49,20,0
ab20aa26978f5abaeb378e2b40b25a9bc1e8abe5064ce3c41cc3d0fcf06ba66d,90,28,0
d80d30d6a45040bb471b822d5e7f0b6184274d01fddc3a5a9378dc4f120cd101,9,21,0
653e89c3e1e76b31ba5ed5d0e64ac7d34e6bd2b2ee3e4963776a97292a59990f,27,45,0
c67e352701f5bf7ee9151950a772a984d2bf3ce381be16e5a61550bd246a5806,52,9,0
e69bc10a29a4d7e67fff04ed09088b52aa47dc33a5d1aa6345054e88f6068e54,90,19,1
4bd161455e39db117bfc22e5729bb2dbd74782de8710ada9796220fa2d28d2e9,57,32,0
ccc191adabe5215dafcf2fe6c82cabf12943d038e694b335ac5dc78e3ee3c078,48,4,0
b4e828a2658ab30a722da63fabc398b59629b1f550cd4b3e2c994e987d9ee788,23,40,0
14d87fa46de5e1c280a97e67fd96c6f0faa3bb8fc919f054825c0d8c573e59d7,25,4,0
62823c048b251522709dd1aebc155d041e649e119332562fbb21fb3f817ba270,19,7,0
0fa69faa7fadf3327fb5aa300e1d591b8bf9aa61bd2d6d36f253e97921587b9e,48,56,0
c77629ea296f7266c3678c5a0367e5d4e65e1efb20985743b5d54f13c0c71fe7,97,13,1
0be72d450e82884c0f439ad27deacac8424fc1de97684515cb35861f9599890d,76,24,0
e660e901bacda39c26716e910185dff4ee60b2d2b0960dda629d6412918a373c,75,6,0
47bf36e118a833f57216a1d61ef846ebc56313d6b830e08a62a63cd7493536a1,93,14,0
c86f021bcdd8e26911a0905585bd4c8cfa7c8a195ce19cc900caac984e35d6ff,30,15,0
e31c09749e4ce9f0e117269d29366be59c55241eaf7df5bddf4e15b3351bfd27,31,10,0
ea74f37d7ea8f0423aeea4988ef217ee47819ab17eb02c54b5d6c70b161d8665,28,8,0
160d358432891609e9c08098d5a22ca7392653d402605e812cc8f48d80f2941d,79,1,0
b322030bc9b190238907bbe35af5fdde813afa92c0fa55ebd11dd2932984982a,84,26,1
699ef0de1bed3d35ecc869b019ff5d250ebf1e70c1ba43e88fb0507a790133b5,21,28,0
04995877cbef543f557c09f8e8225cc9cd417384a6c2e25fc5c4d2c5646d3c00,84,39,0
cc32a3d147d806de5d581bbce309feceac4b0a17c720f48b4c81f23bada8b088,99,7,1
3974159a5d3de231b540ad244bba11ce1bbbf39f4a2a391e65d5f50f549d670d,46,14,0
8800f8129a27de182f7c824e1f38093a1a88e9ec912901d74d1044f2e7b67a06,46,7,0
82a418248e64feb919f413e3befe562c5d86dbf2449e8d8d5e85c83619d03a23,45,31,0
caf9caa838b6b64ba8f15c01aa9a7bc34c6ab6784a702b67bfe341045df94d1a,94,9,1
09870f44fde310a7b64ce92fb3b3d5865ff4022c37f62e76ddf5fb24773165f8,84,12,1
dd6b1353e452d0da042535179626b929bc932b57220dca375b8f511f3f3a23cd,20,11,0
fde62b86519074c71d5a8c68e2114335172a5a6b25794a3509f85dcc3fb95c06,49,18,0
954e388be5c412e1f0786e5a4ab562531f5c5c65513268a330f913c3c01240fe,33,14,0
6ad19c35b8226123489a83462ee6b755ed296d3814e5bd6ab53f08604b79658f,2,18,0
f55f2fd0b47387c8b4ba3d79bde8ff2aa38e0c2a592d1486b51756f1a865d1cc,97,12,1
adcdfd4d355ba78baee4bc3f35211483c2ef9b9493beae2944356e5818255279,97,9,1
59ce64810a4d26d932cdb3e6a9af3ea46cc58ed7f1f6fe963a9be79d32b0bcb6,98,31,1
5275c08857209baec7786112ac65fb58eefe16ca0870e0155103258efcb3e34b,12,5,0
c7cfad334fde5afbbd7963cead5ade2279e62aadd859cd2b19d22da5325f2304,82,24,1
b6196423822c8bd2c769c58126ae8942d22a8adc7fb356a2f1ed87b3e6789f6b,77,2,0
4b9e417acc159a2b270440145f11fc3e9f3f47a2ae6d04a571364081d8c8b6c1,66,8,0
28222d9e7076805c577bf038bfcf0c3b83a581d19d73d5df720055dd3e276865,37,3,0
6110f6a62d024ff5dd5074906e44e092635262c36ea6251ac5c64bd2d3c28fce,31,57,0
df7634ea06d2da8cd97408a5aaf6ef908e6ac2b31d904f89a2359b92b37bbfea,56,20,0
44cf83ed6ad4977b6e446abe684582764d8e9da3efffeaf5d74d498fefca95dc,81,6,1
c853cea1784ed747f80bb8c998aa17bbc176996b7e947edf6e1f9639537d1d66,87,8,1
c4b68447639fce320ae6acff0637df788e5cd451abbc32ec5589c5748db65ce3,81,4,0
9b79e67c929f5467a53f76c5091f0970b33a638f0b61a1f1bb87ba07d3dcb109,55,21,0
8ba999d0f299dbbfa4c7da834a42ebee1e48c3844ae301c48eba3845953e7452,97,39,0
681005d5e875147a488cd147621541750e5e9295af20255ee7ded5999f936b0f,74,7,0
cb37005502591f641687cd090f88aef7989e3532b5b230b946e5076823300fcf,15,27,0
d1895bced2b6e0a310885148394edd4a00c3c28259b8f79e085d7269bbec7ac2,79,32,0
5b8d25f02abaa1e7c5010c27bc8d29b822268117d031d4a9984f75b150093588,80,53,0
5b40b60fdfe624f0980a1f6d638c9c59fc51d515f0c59b66f916bf6b196df2f5,38,18,0
803c587c4e1b2e3631249a74f8fa924667bd0e0fd54abb4d5c3e2318a02dc3ca,55,30,0
bd4b575bf6b5284fcd57f922cba1bf945efaf8310d8a2069ba0eb845ad612c21,49,8,0
09bb031837997e8172e97b1720a58b2a96b07e78fe65cafb321916bb4a5ae6ec,90,5,1
8091b9e42e710f89eebf92eaeb7faee5300181ad46194144e6cd783973d11459,2,13,0
eda0c9fea544f383affb61f332f4b844bd20494a0b16644dd0b33824691075fe,70,12,0
e11f2170ab2c531f57673476e7e532d6764e23187a8d59c127fc7cf346ea2ba9,97,61,1
c16d3c2f60ff659b40a0cee410b17167bee20d3aead772f8a2ab7a57086bc0a7,5,28,0
9ec16515f787f9d835595448432fbd61aed96ec53655bfda2fb22e5bfe0d1653,72,18,0
597c56f1abf7befc33a40ce28777f43699f16b86eb86402dee223d714c6808f3,29,36,0
2bd8c945549366323e7c432efa1badeddfe2e2a7a4131ce1032984210628fc2f,19,27,0
66332fa6b27659e30a52582702c55c2ff7ebc8db39e0f378116c3d501265f100,25,55,0
ab7da7e71369eb79e66b8017c92b972ceff1640953ea4a289a8ecda638a8c8eb,15,21,0
73d70526048536866791c05cc68bba9a03abda0d73173fc5b7eccb2773cea996,54,30,0
7817463afcfe8b6e5a51a65a2efa0710f5892f4fa181150936644b86177467c5,99,25,1
2b90ed7ffb7fd8c92efee8b9e885e881cecc67f6ec1677f0ea174af82c631554,96,7,0
5c842eeb63ab4415ff259b70e85b7641513d7b3777e79d38eca06d3cad3bffba,82,14,1
137e0db8889e473aa935887d1217a3abf43fa617552889a1f6215e738dfef2c7,56,19,0
d5809fbd76ae09eedb8f349bc9e099ddbc4a1966a029dd616b6deb551c2b34f6,41,23,0
e3fbd358b1d224414d6a57b3d25b928118cda3a5d6d1f98741096e9d0c64db12,90,16,0
aa073363da8539ec0d25f1f9d2a34e9e4af8d84f18ac121486d0f050e26681bb,26,42,0
d2f161c750d47815a37e4f8a825ce17dfc25d5fdb0fda796b1b1065eaf81351b,74,26,0
338aae7c76d7f854a45640fd2991ba2da04439ce321d7d2468fa6128bf139989,8,14,0
6d85c05e2ae3c6dd7ddcf6afc563834a42487215024c1b3c7cc0ffb5b61bf0e6,92,36,1
c94f0b201c87991a5397fdaa5fd0ba27c6e9898de0abaea65d97720431b6b799,32,7,0
69c6fb940479c0f7f0263ee2a8e42fc3bbc9ad9e4cb147311de948b4ca57612c,71,14,0
5343e10227633ff59e3800320261e9c6f6211e742cc9824374d63c0e6c7d75ee,87,17,1
cb3eed69bd40512675924e2fed7571e3a4cb56930a4344f54a95ac3f907d395d,68,21,0
b4d4de1bb2e57a5bf0fb628472948d8b5c40194c4eff23d6e7c3cd30c9d9ace2,86,28,1
22bb94a0356b22b8eef5ac0c7cc2256c6d3f89360725c651c8182a10ba036a0b,14,4,0
ff06f4037b7d770c11c2075e713fab85202046a4d0b90a71edcb5e47d86ee028,35,18,0
b878a87b2aa24d91340e88a69da6bae19b70abbc10de9a81125d9d0c7905e509,84,15,0
2bd88338b55f4e23b1ffb7149b1cceabd65e193470b540e2fbe00c9de0395ad1,37,7,0
a7dbc113973731cdd557ebed4ba9400d1944e159b38d6eede04685723301632c,62,34,0
f36702ac7b1638d3a128666a6360faf9d2733cc67d053edb113b9fd3e52ecb42,67,55,0
5ba5e64d5828f4cf88dc2550460a2652d0a5df85db5bc3b4fb2e314cf711ac5e,14,20,0
3d6c20062831ee3e66144787154d99b92a1566b9f7e2c81c4767df322c3d5782,37,64,0
6783affe202373871bd9c396cd1b62ac831e214aad9cb3197c8820fbc0070ffd,57,17,0
a03a706b7c4d5025581dd2347a5fe38e7bff25e0e581a597015ea6a59b0db7e8,78,82,0
d7a88db6029f0733bb42491afbeaa259687392b661fd5efdbadb34628efb0745,34,9,0
8eb1c740915acba4a67ce97bd4d44b67f8640372fbb5139c1fb830d2ae6e9b9a,51,35,0
dbe14b9b3d3017d413aa9f527e08e6b2eedd2eb659279328820f07c8b65ca39b,50,16,0
c4d1191ac513fa5696bfdffc5726024d5a1952b2a43700bd76faa2abd549018f,50,16,0
c32f4d6fe2eae0843a7561489e044eaa56fed2a5d9867a1fa23b7b94031c0e1e,85,4,0
8908446c204007f1cbc88adc2996982336e5e04574821328785c4eeeb3618356,14,5,0
644dc3a5375fa425a688e63cee2b7e51d560757721d0c5a5a2f80589c3139847,52,12,0
e1257d34aa79101ca488447824869d3380f7a5870aba2b68e1f39873b6822c57,30,22,0
27932200419ac6ed46ee82d74eee27758af2af8e1c2017005a986c6612db5be8,81,41,1
04226b48ab8ba27ec741d1bdc2a922aaf219a256c49482f6215e335a78aec509,10,14,0
87dc333888121a4edd0921b457d4691c33c9e22e9e21ad37373009b201e95c4e,61,34,0
12f20ce4a96c1c994663cd5d01571df23308393d6707a7c02094f4f4fa3db199,23,23,0
ea41721fbd28687f6bee4efc7f2c24c03cfd4e4306e616e6ea76ad7b3f971e4b,1,55,0
fb7520b3e4aaf393b8e014d6415893cf006dc399b5e706542c8c6a7faa3eedd3,28,3,0
054f39f74d7af7d5673db1a6acdb40bbfd06f76f85961849c713342d53161c67,58,23,0
217ff61a308f1bc473991a55371e448ca9692ccc9ab648c775b95e28914c2cb7,10,20,0
7ed2d0fd211ee391d3f833d882c08807b4d63248750f1f8a624840d13faf9b6d,11,7,0
c88a90aefb6866d0501ee1a67be67f1d0fda7dc3b9483ad20a160d36f482cf27,1,12,0
a55bdce42aaa790d22b9143eacc0718595d3ee1e9b9a2493252b5215a13e9827,82,27,1
699998d23f285a525db92a284e46843cc8f4cd71bf852a2ae5dd473023de5e7c,34,24,0
9f9edbfe6da49e4ea757783dc6c50690e50b17348dee92f812fe1f090d493e83,11,28,0
3fb7213ec09043844a61e18a5611bb03f0eb5fbf45055417984ed89b660d64d8,46,26,0
8ecdb0c1c9f36cdecaeacd921ae86d0fa06c9da67e9a3fe94e58a944be02d186,74,27,0
50d717c7cd7902db3c56b93604c2ec140be354bf1978d606d5012b66c1118184,36,31,0
70054e896c0b14da10f6d9f575edda57b7b54640c55bd07a657c31b286d760b0,6,14,0
144d2ad8a8736217c54832ce68457628f049a26cf2b8b6e6c1ee688cce2a488a,63,19,0
bb3c69d5ce158a9974d6bf50994fdf8f08aebdc3bac26b9d3e9b800356a73fe9,60,47,0
5ce511f3a3413cdeca3bd34d9c7baa7f87616e4d231d3a1bac74a44083a1263a,3,15,0
9c69448d4ec3ee543b411253fdfb5b3f373d9774d54a16ac5e1de23beb8a0467,50,15,0
b627d9eb1d04308dc491691ac9fc67be66e4de2e5b9fc7decbc3796a846aa5da,59,4,0
27c63cc19407aaf5f5775c7f6920b0dc291ec1ca1b587e84ccdea1af72d07981,34,13,0
e2b08e079d5a7bc1affed310ed7eef10a3a243500c062ba9b0b598dbca8fdec6,21,9,0
d06a8daba4c0bd22c6a79d08f5f45795b142be2c12a7b14ab055d87a5077692b,16,10,0
cd27c3ce0f7ad8f8f4195f79229462ed0c3850efa112ee56b2ae06bfacf8db7f,18,12,0
359191b68d0f8f17236919f0333b422417c471ca07e62a10191124a9637f043a,61,59,0
4c29d8024c792c29ef8290903ea7eaa2a3cde7e45af34186c334a02c8cba2e08,54,27,0
444d17fef8aff6321df5dfef258d1dabd0ed7b8472647b8c8f5903e7276e983a,60,20,0
ebf11035df15201e7a73a79f8453683b38cafda252dd6e3015c0444fd8753f31,21,0,0
2385be8d991c9d3d7fec50726504b8c9b79742e33785634480f040085a828763,87,41,1
7cf0e70f80279337ca06ffffbce07cc8bb18a6f4a94386956e674efd087871c9,83,19,1
dfc5fbd90348c454347a605b2c30d246f1bbd54096f71189e859cf1439b8b67c,71,23,0
e3ad32a2bba697d3f3907fab6900c0bd252e6caf22d26f573ac0fa133891d865,16,1,0
6c62b66eea30031bfeb0e41cc4c98dbc4388d15203e4bcad84c3e27f8185df41,67,3,0
76da852c11abca81cab52bea3a482d5b57122bb19552c7fcbf59fa247e78c9b7,38,32,0
3517abee3fae34637a28981bef056bb1d15ddf255aed1be32ad4796ad298dab5,27,12,0
dfd5e205205c1deb318efc444a7572471a112249208d7a3a87571e9affb81340,96,7,1
090bfc90d9edc28bbf267921d9ce02c2045d3810ff84c267f12da62026959cb2,87,10,1
7e40dfa2f687863361e31e75949b4368857754f4ab070c40f8019bae46b8408d,98,20,0
c6568b6364d1081460baf37a6450b03cafafe04aa7aad6b4e597526d1c8491f4,89,10,1
89bd51ba2030904b73463cbd47d67d51debf77f700400db786211d0c0f57cde6,16,9,0
6385d60d6668ab928f8f178a117d21be0ef3b4a45f34338084a54d3f6abc998c,82,17,1
9122355ea85ca5780d4bb1b34e5f472e329aa503e12851318e154190a8fb61f7,19,16,0
31faa823e4ac2cf411c99e7390c4ebb4f71c32cd89560e6d4d9cc6209a68b199,96,3,1
ad2a65ad72245b2387fa3055e621f6fe0a0e25e5a84a1906f639c015379cd690,50,5,0
61ec8d8ea6718ddaafb10e334fbf1c3381e9abf327858ad9a53eee5fa5cd4f11,88,36,0
79045682e5199a07b834e14849fde417d74c785899bb2ccb632605856daeb260,8,12,0
562da72963428f66d96f6fe38c51b33048c9d0e4542971d4f803e1e3816dcfbd,86,9,0
79ab344ae08b91118779ee4bdfbf812374b0a273abae6806b125c251a7926dc1,75,50,0
4ceddb2b7018933ad01383bb8121183417878cb1713a5196f3d9e887c07400f4,72,20,0
8afe9f8746704697e61e94ce0a634b9291084b793760cb90bf022998a9c77a32,88,33,1
49e809aa3eddb2dc63d5f9415a84814e214bc6fab2d9e9551a7c98041d794362,26,21,0
c13fcefc4220da94409bb0b211cb8fde81cc33869a60483402c26986f58321ad,80,25,0
95e0d08a9ce81f143306780efd4a47895a7a55c4782e4760ff350b2fde641ac8,28,35,0
e580e99b32dc892acd16265b6dba9fcd2a7cd58e6085b994b6c0007cb99b600e,26,14,0
a800ba5082ea7253c6279ebe2a065333672c8ec35b1e2c4097bd0b7eac07b0c2,94,26,1
940eb026a53d8ae95449d151366f52f4ebf65f1913c8fe9f10f4f54e3a54742e,1,8,0
490991a51a0feef77288fca1828d30eb5a116aa8cdbbb63035a5cd6ce207be38,91,13,0
d7f7c66536c33300e4c7425c5aaadbec6e97b52d0b676cb218384bc53c7da467,2,7,0
6aec6573ef791844fcb6a1c8b3fc431bd313a07650de1dccaf6a7ffcdb7bf523,88,15,0
1ff7e39c92a4273ced28510936dfa1b64d5d20f634790a632fe2beb71ed8217b,60,8,0
caf22fd88321c02eff34c1dcbc3d706549114dc4ce8e3838739a2a3879b15979,51,3,0
bb1dc23da49072caeaa4ffe35a3c24ebb1878df40a8aa36bf9ea72f5aa0c252d,13,13,0
64fe83a8622387ce9e1c80a422151794cc8ef57de1e232f12a2b40b05fa43f59,77,43,0
90dd972641f9c00206f4155252005978467fd44994fafc3ef986800422ae0f96,25,6,0
a8dbcf8e1d7da14149eaaba3c219fa77ae8468f405c0bdf6e885500765757794,61,21,0
8d18c04a5a8698c6a0b6774ec2f45c959b292ab99cf874bf464eab093d58a2e5,40,7,0
d07c82798d93b7e963ce5ea90b3445f4209d5e11ffab4a590272eb7d8631cf95,6,11,0
2b3b6819c1d7fa3b1fba6c1508ae68c84de653dfbf94739c660bbc72705b869d,37,8,0
2797335b51ce5b923962434e3d6c6e0061fc6f05e01d18640bc22800701e9fea,81,18,1
c9168e30ecb34d6de26809c59c4aa435144bb146746ae9020247af13a699b1c4,70,15,0
55b02815880738f5d127aecac443a72f2d23b9ec94aee9b297cefd96b87bf8fa,38,34,0
a1caa9e30657c9eac45a8a0b6891d45039de6dd5927001c16a6da25e48174ec0,94,14,1
2a3f3764fd929a5933cb1688196dc0651cc43ce56438caebe221ecf74c82819f,2,22,0
5302419aa14e7fdb03c256b5f37d6ce01637e1326edc6bed6fe4ea54c1861e4f,36,5,0
c18c9cdcc4e3e04abad664295bf9fa91fa2382e67638fa1bc5c538b45d919e6d,74,21,0
e0c403b982bdf44df0c9a26602bc267fe6c9abb77d2c6aad5eee9bdeb4e48286,56,2,0
c809eaba88ac2c0a6a7b0126914f2f52ecf2c04a515bd2cdce9a5c5ecfcc6979,25,15,0
3399eb8112c2f78e7610aff7c428acd57597f1faf3582354e083ffe98ed1f741,82,5,1
7b9201440c762f14512e204b1a07f791aa66ed85ff45ff0ffbcb51b2593545c1,96,9,1
b27e438c85bbeaca3c559358577a2337a1bb543e61c18636712d1b64e638c09b,58,60,0
b165e01078f5845c7a70c92ff7479add905aeccc405bc6ad9652bad0021d82d1,16,29,0
99559ff5de61e78e7a7586763afff06411f8d990a48198c78433fbe9f9d0b1da,86,51,0
926155c70e021f1e94c0c915b00caadcab46f1ec6c91ed48bda95c20def70367,40,4,0
9cc838a79d15edb2741171e257c8a01be340dfb54e47ba63861fcf10ff3c2b9e,95,18,0
7fae145cf537b00d2d6e2d200cf9d8d1085d82ea3982c38316510d0855509825,38,2,0
583ddb32b57cbafe19166fcffba797634e18c0d67ed5748db87d789a194e7c82,4,8,0
4a106751bc874bd455d74ccabeea908c7de8b7f717dd277b835eaffabfada621,23,14,0
a5a5e9dacf21925c442c63d204376228c94bf39671b72057b92e64a4cc04b1f9,58,26,0
e0a579505a6b6d61a9bda02c4bdc3d0b1697c960681da2c748161c9e3a1df190,39,23,0
54810bb978ccee564698129acab535729eb25381876543326cfe4c9b670ffd91,0,61,0
f5918449a5fc7f6ef248c82f5cf1b52379fdd73cbcce5692b1ed6f710cb7e261,38,18,0
04e499dd514c584251550c48b96b10bc1607343860d31a09b04adc948afa13c7,78,18,0
04c3693a6275b365f4b420a275155ab026f4ef5b2a640f4841dcc576dc45243f,73,28,0
6033ae2f9a34da8cddb9045ef11ef801deb10cc23bea06557dcb106d0c05a53a,26,16,0
34799ee15083808660063d81d25b7e1c367b23fea8c15364acd0b96972e7c443,81,17,0
91381c1f72a187f17f14cc4e9577ba717c93cd8b50b0c3727ecf10a8ff820647,5,29,0
0543abac3fb384f761203c2a6af32e5f5c93b3bcb91b639295efd47dee7dc744,1,41,0
8884709979f392679da100b43342cfc0454f52ac7430019ede5b68df02caf219,12,32,0
7ab62ed8e3a7759533a4086ac053143a34cf54041611b56ed64dcfa7f0dbd7a0,99,8,0
e22d94796cec34efd6e9df7f5999cf98ac611a2c0f2c76986c9fdce48b08ea3e,86,36,1
9d55f8accf82cac65d031d705bcf294164f7e7d7487c541d731f78842674fa5b,0,24,0
ff99cb7739ac0c9a0fb573c9474887dad36ff8b563ef1901234391d2f996aa5f,71,20,0
c29172dd5777eb1dce4ddb4d98b9478173daff9dd3491555cdf10f8ec773bea7,0,13,0
93bf36334eb951258be67c21b1f327856ec268f92cd90c77f40be0bc34ca1521,58,10,0
cc7a117b35e7bbd1de7e966253c054eff17d78d1e17c07a69f82692392b30768,26,50,0
9d69e20afb54fe76dc0fea69927d1d3a98a17320201484de96125d77614723ba,19,11,0
047c5c502661299ac38f7197cb2414df26f68be0c86de824b156d6dbde8e8e3f,82,24,1
c71398ae28c204e766eb8661ed742e30d0d050b645a072f401465e92d0dc9581,71,18,0
7a8d328580cf04acfe0cda61b09204166d264d78258010a4b549eb0f96418fd7,5,8,0
c5d2d07e790866f29d1889d7b95ffdc4c2901d92b43c43d31255c48ea452e7bf,29,47,0
54c34e053bf57bf3522b135806579ae41a588719dc9cfad56f6dc9078ed77a01,1,47,0
a7e734acf89c0e5f463082af65c09d5e82f43267a47742197425625d0414a6bc,61,10,0
1e765222975c1773dfa890ba55ce1cb5a6896b1550e74670fccc4b2c01ab54c1,28,12,0
c99f6e0684ca778a14215f05798241f17a13b1ce4eb4528a6dc0a46c471b5643,6,11,0
2079c3f5d65f0dd5e3766e2db912f17e994bb7b41343603d431f840c53ec3f98,85,39,0
21286dfc836f9508f0e3e68252d5094f7698cfe502bf325d627e15f60b846896,87,6,0
16bb4da4b054514b2d00dbb7d3fa7ae3fac31ec04648d7db62395a4f54793863,91,23,1
e3b2e8b51ebc70178d0844c2d49729b7a5b90ee8eff4631618a33eef32c402e2,3,8,0
5c1c6227fe5b5e632524fa8a31959614afc6765e3e76debc88690b63ac98a76f,100,2,1
362e8a9ffba480addac3b323954e30c550fb6b841b7cd327686539b8daf7cf21,6,26,0
0735050c3ec0ea238c3309669d116b77d6f5edc22d670b74a799dded6ecaeaee,100,14,0
7db5226211af2c7f392c0349d46cbe4da6040f056173c0dd1f6c0b266b52110c,98,21,0
a394a1509c1251448d1e8cd7c19120e2ba75bf7582a85f4019b2a0c049991c02,91,6,1
37e8566ee5ddb66c13db85ba1dd1d295f1e791c421a5c7b145231695174a6dfd,54,4,0
27b01f9a1b8d3762b8f01b1ba25b81e570524429fdc59204498e10661a8b74ed,8,11,0
3f665480321e07b8754d212ee8a82eeff94053e27c760b948b31548029f8a9b8,72,55,0
ba928906a0b5a213b3e4b4eeefd57cc2ce7c267c8bfd36ec500dca6511114c29,10,18,0
1d32f87e1712416dddc9a25851a6ef04a5ec756cbf0b82e37e4e03454d9d574b,57,11,0
e190ba99154217d29038f81567ce816f92dded839205d916bb28509ed5d60c3f,84,26,1
98777c09626171866110c1e739f6f97f0f0d0f205c912476b65ef3fb0d1e569b,4,36,0
e15ad466d1fa9122d7a2788a316c9067e6a72837be3120ab95b1a97060c4c03b,87,12,0
3bee7409624dc0cc0b197722545733530a1ad474b2cfdb4ae22339eaa05548f4,65,5,0
fe17b9951b739953e4294f450b34d00938915207ad20a25e2035e151c8b4f0a8,7,8,0
b1ff72b744209dd1cd2c39eb468bd8fc262353fc35bca149fd1e865379a2b1e8,72,10,0
55bf379c191ddbf57fc547e5476b1e62f669fa31059988fadfd93d27227b7c30,43,33,0
9925f705a94f44027545defee0884e723f8f6e7338bf13c7af161d137a2119c3,48,21,0
801dc31fbe1eb453776b0a299a41f17268c4560b7450cdc0f90d23d8c30b76f6,88,2,1
e5c7a29810863a5bb0d18e863419dc0b775ba52c9718f86b20a6db3229bbf2b9,42,12,0
da7ab3d1c6739603e4f9b9cbdd1c010c41f240fcbff6e6ed841e9345e068887c,21,16,0
e2282f53fe3ec03e4e6a6e0b8aecae28ed3c5837ba9054c7de7931fa8531ad0c,87,21,1
d23229156c623a2f08ac3790b364e024c67a92f4593540070139d417fe0bac6d,18,22,0
07aef2c95cee99dcd8258b3ce7e87780eb7f27602412d53a4a2d030cfe33bea1,19,32,0
cf25ed968a57badfa44945663d8b946f399b62f974af332c452f1488bcccd230,78,63,0
66656cfa3096c58e17d1ba21ce332d496537d177e71931447cd7e39dcb80e9f4,99,24,0
facfd9aa44587a553295d3a0612a6a091336bf7e784281c51efa52b21ab5e880,32,1,0
063b6e39d84fdf9b21687ff92bc8da90b21b39db37f4faabaf27d25e699389bb,23,19,0
71675486d56dff112b21eeed022d7e7fadeecdc452e853e090bea3bbc0da5998,87,20,0
5209dd98540d4e669ada43a70c2b38c810e6ba3d762a658522b0d07ffabdc330,47,12,0
42fc3932055f812f1a7feb0a7ff2f2c0e46bec1b089f0005f29b02154acbcbed,56,35,0
6c943ba5965935d22aef1ca091984703b7e128515f3afbff2e8c87e0749e5c35,47,8,0
ad43584b7d085a28f7ec9110b1e1a9852a92b6c36b8187545a82d12e3298a61d,34,9,0
45439fc8ef6920900e4ee0d73a084b6a4dbb1089be0c9f8d560646e6711835b2,96,7,1
23a3ce57c658ea244545ee0b9b27772ffaf5d7c0fca90ecd2c78ce60cccb7c88,99,18,1
b577cf65a6657ff218fd02290056586df56421e5169f855d01765207f09f6750,17,49,0
12fafbe7ebe9789a9d9aa7163f75f41cc6ae978817a4caa8308390ebe049d398,96,19,1
8dee462e8e8fc9544de62a6c8281f979351a95284bd0fd539d9172e7e056ab44,96,3,0
a471cb0a0370297e2b2a93ba9f5d1216fb724fa1e3aaa182857d3bf346f38791,18,78,0
1386430c65517e3e10605634056e7d67e7315fc0357e59983c2cb74f4dfb9070,68,8,0
12fda8415f7d56ea52dbf08ee19a386e95c2d20f375b7fea88bafd1a4257805e,2,2,0
01697264a3f6ce18b9895e99d5b64836a706fd7a262711957c239ff642b3a194,15,25,0
d778c23d89cf56a1bd3674dc419ba4f57c37b19d3dc742359072f46ae68d86e3,41,22,0
3ef5d54aa0d1d8b3cd3cb6131d6fae795b059ba51db71a19e736519a8d052b8a,71,28,0
95aa09cd3dc7799972c530dbd65b1dbd39ab86ada8314f46a2ac5f384c611ddc,97,27,1
ceac5dcd0b5f5ccfe6290a4066322694cf061649ae1f035ced33fd4567bc4ddd,51,24,0
9e3996587cca21e5f2aff6d5ca62ba3ffee2a00cdc141d29ec1f5cf64b6e8c0c,69,9,0
25b5809c02a86bf2ccbcdae54be6aaf5abda0f667bd8a803a3adc91d399a81be,36,6,0
b0013a78e0ba8e5306bcf24ef142ca4c63ebf2f208ba48b2b0f4d7d64c487824,74,17,0
914d67b842113bce62ba371929b9654d41d3dbc0f3ae858e55e9dec2acc4bf14,28,26,0
683375da8f42fc45cb041709d9b47be412115a7f468b5b5ef6846a9ab0544eb3,81,7,0
10ff407e3fc9307843fb3c729036516f587c04598149be14322386cf1df2bbd8,55,14,0
7040aba0d2cc331623d2c7997a3d5a2fc375a7eca0b897161c9521157b556968,72,3,0
b7e919631395fcffd00126a1fc2a81dc9a2d387a74d8b1f45db1f7ee789c7b54,6,21,0
05cc3e7c9bd9c9b62678b671026188cfabf2ec825ae6dc4fa5bfb3061e939b8f,16,42,0
4b06a53c4142df882aa6558967371cecf0b3d99ca1be4fa3abf1669cc5b6c141,20,37,0
43f0c9bd0de8f2ad4b8a1ab74d7fdcaae605b83b10724adda5b24a966bceb3d3,3,8,0
be6b0d4de2966814aa3984dfd6e2f52c852bb6a058763649a8cc1e14cc3dc2e2,48,43,0
72bd4c4f382851c96225f10c8863bb38528d483bfcfbb23ac102dce1ecd29df3,76,11,0
1588b2c2b4bcbf1de69527ffc2b6f992e54b7090c1e7a5bcaa5d20591f6d94d7,76,11,0
31cc91175c9a23a5b36911b7bc5ce33d2969896a6ceefc20ca8b7dc7330d399f,58,21,0
88a71f4ebb384f14cb62a8c0f564cae8325024f6420224252fb733dd3058de1f,65,7,0
67913d761c7d95039287f7bfc7a027f7f25c6128f9c7a8723d8c322bb60df524,82,26,1
3220ec1bbe2a592e1b618bceb470df7194e1309820b2ec22913d5482f24f766c,23,20,0
f9b44d9d43fbd42fd7c41845d90bb84f175540a1a3b6bb7200022d3acda6b7b2,24,7,0
4ad1a264ccfafc7632d1276d82b9333ff489628fe4ab34b921776c3d4de06c52,72,19,0
c0853532cd6590d2040673db68200f39436b613c65a8c36b8dcf7318237f0022,54,1,0
b68f5e4fb1e85a523467260dd7005934ee2e0e72acf8a716db8e496aae204233,80,13,0
5306343db320e735c4ebf3a36c6da2ca4a852edeac40437173d3e5a660e36f62,21,15,0
df13861b4be4f215ff23f89a96194f2d0b41596ae220ce58c07f83c3efe2201b,54,3,0
312555f7d750d6212c6bdfe364788bbfe4ffb623f3cd39e4c8b94cfeede2d63a,19,18,0
dbdc5f571080114dcc3296f1293f647aff5a0238130769945e5c3579727714cc,95,15,1
9447d8c2a76cbaa5ea17a6ffeadd0920a06654480bd9ac1e3cabae85fd0fad81,54,12,0
660bdab76de3d0c950fdf3e213e1e36aa270751a008857cac427d0ba2dbdd033,3,21,0
10d09988823d8cbf329ff5e01fce56a8d99fbbc8e396d98a4141045744b84d25,98,20,0
a43a87b1344381c86081fc5726a4315950229c459430bd74f71121777961fb11,25,38,0
6d0ab69e1fa3c059c0c7f0989311c0262a7a2e3264b25cb70d7f148f0f031880,41,10,0
803c5ed0bb98a24141f94b470874a5270a63a1d6f2ba3fa0bf33d0ec72100e63,14,13,0
19f61fa22d1672b5e4feb57ee15623430d3bdecb97fb7901700cb8d115ca1c1c,73,7,0
e4a2dedec0b4e16d740a9c8b0cf7f7d952a522d85230d579fdfcc9778efab3c4,71,15,0
ef674cfc26bd2eba33f0dc6d9e30b41ba772a78668b8443b583c8f5b24cc54ad,38,21,0
6e4e5f076123199a1478df629b9f14055f523e9e5645d935b203e9c878fac41b,49,1,0
6418ac580056429cd8315a3fe8b5cce984721458317261a9b6462a0331331d7b,22,21,0
060999d2e8cd77047ca64d1fabb96f2a241df849ea072a41a1f36b29350a3121,97,81,1
34ef4247676dffe4e7c1d8dcb443495cd624893bb85210a835640672d99204d1,47,28,0
04ab30fe18a9dd1b194c6f5e8dbfdb5b028d4b577980ffc635f3d4803e522aa0,31,20,0
d0361f9687fede3ef6f0f2d2468a94b540554b3d5229f6678a0abb88bc1cea87,46,29,0
fc483a328b05498ddf0fb984aeb31e99128cfd4456055738c7d5a14578c80155,98,22,1
0ca419ee31d15145ee5638790cc4ab75a5bf057f346f320fa4c81aeea7cb506c,5,19,0
e101492dca1899ed51ea7f25c8d9a5e89591e06523802666320a912bb85f077d,14,42,0
32e6fd0e30640d170f5854be12bc24e0e5ad1dda8ac645bb6ef580edf49c2d5a,76,12,0
c3313a52f5e1b3b8bcb66ada6e5dd8e6172ee8b871242ccc5cdbbf4f78a65954,16,13,0
e714cad2db82faaada22522614929c87715a1996afebe0cfa6b32d2b1da42893,92,7,1
324ec30815d44cd2815cb0f1d959defc5e88135c017cf7a9a66cb29ef8a9b677,20,1,0
150fe6c223537f36ffe8714c8dbca96d7a3db47859e42e46c03aec0dc7de3d06,82,57,1
2d6584d0806015470781f79086933c38812e1f4d2296b383b64841d8610e6dbf,9,16,0
c8f89df379bcd3ba3d5771b5bcaefb066071aec3adfa94289b2b86596a38284c,56,16,0
4c205e9b22a1df547d7da9dd96d6f57af4b617cb7977d666da254356ab7540d6,37,14,0
0839a4757e171fc2cd1bc4ff6210c818d22536ac6016bf2459c8d4a5a4c4232a,98,15,1
66c0f29e38c6db983768a7df66e7db91058bfb5ccd7ad8b3533f58c658484936,6,35,0
04a17382070b2a816f6d4b49e765a28ce965eda4d66159dc8e1d1324d2dc6af1,30,12,0
f96fb5016eac6d4c555e95d88e27718195878fccecb28e1f63a9653cc97dee85,67,19,0
70792d48f197a4314c416c8117ca9e710f62cc113c9f11b49170acd6e1d15080,71,19,0
1244f8b07150095dcbf11e05ac2ee3090897e12e1226460f359ec749277b896b,70,23,0
e687c7b8742f9ac7f46fb4c7f3a7ecc573c488c3cf98659cc874b935480ac790,53,15,0
b985aa8302c4ff5c3a062c81a1b0a8b411754dde9b0edc0d700d45d3486d1e40,56,18,0
c8c6219e25f15a83d25bfda30500ebffefd9c12a995fcf3dffa55135854d3f95,13,1,0
7336f6e9954ca7719ae6485a236ff232a7fba2feb091ab1b17d2cf00eef422a4,10,36,0
fe8498b2bf457d57b5ee7b4f1da61f7b415dd38d66ed81cd28460b46dfc16ced,60,6,0
9c943e346594fc301546f7571970cca5e06d1428153dcb5eb5be90e2b21cdf53,33,13,0
71d67f92d6498236e98f5358a3ca2f6bf9f6b31423069d4fcaae262dc350b059,42,13,0
2ee17a6462510b1b4f22ce7b4802b60958a26f8a666d440e092fc68f301fe385,0,2,0
fbbb93a60e964ca559796992ee3283b0395a0b27d152cd552d0c1e1bbd393798,88,36,1
6b5e8f6ae2b1d02a24fe0d4366e99bb28f0a846ec2acff63f43faf5577c59b28,54,5,0
a1ae8f8b2948c7b0c2de834eb3b1256899665f3b254f30476695d9dbd2f9c313,56,18,0
3d2b27f78f78d04694912cc57ec2fc10086735ccd1b788e825468f9169d5422c,36,30,0
ae49195bcb0ffe0220f354bff790e4a756ec383007594c9feaa7ca78ad87f65e,87,5,0
25378b5cacc259ed19e9e63bc986d7e6f99bb16097fb0713e0719532b7628ee0,66,6,0
102f3ba26ffadef59bccf71b86de7fc2d4e67eab25e07b6ba366fd4fa7b5a991,5,4,0
cc2ed8c1929c743a48caa0d9d09f56d215c223a73d6e06b99719728cf438b814,55,16,0
a68578d149e360b0a13bc000a714a551799e1eaf307f089df5c16ee6733a4dc6,17,9,0
6e57a3670bca051bb007caca950590476fbcf6b07345b6512d2a22bf930d6e19,1,26,0
cd0ba97d65b1a63c97d664ec3ba4edc56b7ab5d477217837cb1882b9d6c44654,73,5,0
bd587eed3e7717159a4dc85b6755964a7c206f2597ce6eedbc4dcde0524ffb4f,51,26,0
d4e56d9d45b888a8e481012eb9e22986d017c1693b9e8fb9c4f0f803cc5438bc,77,14,0
15d1d7d2280d78bd69e5437c7d2eb9a7ac7de1a784af9575768e9b37c2c041b5,13,4,0
a9ecc9c98019c16841eba91e985b119e0f2ff8dfc10fd68eab9a0433a52057dc,97,17,0
f7d9bf631e4a4277861e2e76a338c2f31ce0833c40d1135747e187e5b31fa8ef,7,12,0
288dc19cd0d53b81f95ccb899aa732eda2a577fedf013dc09da1bf87d5c23630,26,13,0
7ba352b82293d00b43e3421259bf3a6c64c2c4ffebf986880f8b6f07efcbf0c2,10,19,0
0e2f5543e46c3f32fd86e85d7ad83cd63f8a360cc06c7c664dac7407bfed8906,38,18,0
80efec3669ed792d68a29b3436b8a5494f8e131eb8d9db68a7f590265eedbf7e,9,18,0
29636666543af887def90309b5b5567699b0c5f9318ac4a957a76abf8a52bbae,98,29,1
d2cea6f4faa0f9752482b613de3f505061e8c50e6f0d0f57b2e1a8d9a981799f,38,21,0
3d29ba091737e7328d7043e220b2c5a1bfbd7c8ce1a51114229df33da7bcf396,54,11,0
02a1154bd5af9e0371f7bb68f036c4bec59dddb5c42b9e5029dd62363c5f1d9c,58,29,0
e9ee67e770778756a104b7da711e135be5cee6c5fdd11ae3bb728a873409c12c,33,18,0
653fb6878b97b655bef2cb15d990a873ca2a4498eb98bcda0199746f85cebaed,22,10,0
164be8c44e4b3155ce51d25b8796c26e2c5a4fe0580fb284864df79031d42906,90,6,1
08d9c34d15ce742a701f5cb025e0341648f10c75ceb36eb15b253dab504eb69c,72,17,0
ab1ddf17a325116e60e098f909f039bf60433b06517ada61067c375a2cdfe262,54,35,0
41cc35297e4c5ed610ed094bc65d9b3967346c6d7afce87922ee67d4f14fb9e0,67,2,0
035753c025ebfed1fc5257813faf193593bdbc10732a83685cf804f86f2f54ed,40,12,0
0d543367d552ab921cbbbaf41d2ac9fb4cdeb48b9ee9f79ad25a01aeb693d6db,92,1,0
e518a8e9c90c32c9f132d8fa8f3558809eecf3468b9718c4de6e8a45ba230ef7,47,20,0
47e9bd24802f83ae3f9b1ffeb260586ca6da356182ee610b593718069c3086e5,47,26,0
66356eca00e1c210e12561f22e9fd4554d95f9b7b2127dfeec876fa0f37c63ce,2,51,0
d4fe1044c43f727133baef62a87929c99d3798d2642498e5f563a6825cd54fa6,23,11,0
2c6dba1145342a64ab5fd52605cb35328aee1c6d982c83ac67ca057f0adc2b52,31,11,0
d9fd13826448dcc34202aeb6a18a871a077cb9f50a08fb990b56ffbc4e2bbf44,65,44,0
309be27da22d6f8a43d85c54db74c102dc5ca8296d8db756287aa375865e4496,56,23,0
c198c6558e8aaf8bce8612b03648c7831b237a18b09bbbbb62344f95921263c0,36,44,0
feaf88c81c96c7d12b646993a2a924ba7ee18ff0360ad583e9d9a6ffa8f08149,87,7,1
73d72efd7e9ec69af7fbba27f16327f431b89f13934c4829d2100acb6c33b222,4,7,0
0d9ae0cd4298bdd9e3e6953d6287f035b028288c9faea67fa1d369153258f87b,78,24,0
1860d035f7ae2db7de761138edd7a7c3d639be691605656eccd1c005b6d7b2ae,99,4,0
544d8e59d5d8986707f3ddea6a1fc70d0ece3089dbc3f0f4945c621cb058ca99,59,11,0
35538557a45f5ed302ce793b0bfeff1e7c950bfa832769084c9d1d6edc906379,86,53,1
c1a4f70c8bf0010da84b38b29269b9153b3c249652091fd2c2d542504b08c96d,30,9,0
f274414cec7e9663c1ce4f47feaabb6e92b01f0888ad24ab6a0a71a8ada9f5aa,44,10,0
31ecd332024822774375b93aadfa7dca18993d4c33672338005b9a0498126cc2,4,22,0
7c1522b8f495c790b9dc09713111a19e9dc04a08f444345769f35c1b3c1559a8,87,7,1
cb74e20904a82f82e737912f78000ef7db5b3295a18a9578f3fd68aed08196ed,37,10,0
c297bcc5ce9ee018c93e5bfdccc92051a5056ff425e054f1ca70bb81e0e27b83,66,17,0
cef4490973f621dc0dc4e811bdca29920b09155b9f447c13156b9f589351d59d,59,26,0
3a05604216eccf6508f524db423bbfe772c9c83b5f7f1125dfdf19277312b7f9,35,8,0
9c28835f6eaee8a8bfc6c78e67f2d192f2f3653efee6133ab0b3fcdcbb9f8668,66,38,0
242ef2f0cf0d044656d15de72a55bc8b0a69fc39469e06d682a2fe16f36079c6,57,25,0
2fd8509e06e87224fc15a99e6a9c9d8dbc5f805dc78a155369e55440e3f4b24d,58,30,0
4b0f70055c58e7511ba9ff242bdeefc681383c87725b2462a8042a5ed493b814,0,38,0
6f070bbc067a67758b1f29da21a5f4777a52ee6019740e71b17bdbea9877159c,52,8,0
a8d191934b97cb34e0f699cbafa92c1030f8674171de87be3eb34c4014b74a9a,7,20,0
3fd11f27671a71034faeef58f7abff072b34a76ff6a90e0b17cb8ee868e1cb2b,29,72,0
bf3199b4ccd2a772c067f728975da8b040b8905e28d7b803a6914eb4c91b6f27,42,31,0
b271425ab222aaa7d2ad758d8c5bc92944aa71825f6abd02540614cdf30534b2,72,3,0
e56970af8f2f6e69eb2ff687b544904b50c3ec8064146ea75f86bea98e6e9189,80,32,0
38a07c100475537216aa797db003d1ccdfea1b7e8549c0ee110bf9d75740ca08,7,23,0
086e3f60a68cee296ea3ac1bfa05e12c0b110af2882491740c68f6d9f26fab28,32,3,0
abc96304f4cd3d1ab6cb67205082a752c6e515d61b99684bf4298bf1789263c6,84,12,1
6e549d568defc22d71c17ee5c7fa12c5b1f3fc4d5b1e6b3651cc90815ce96f56,75,12,0
36c078923efffe58f14254b0eafdfbf32a65e306371dd474b7a707ccb800b291,12,3,0
4d593524759c8586776fba533df7f2c5cab4fc8421a58b4f286d3264b1bbba87,80,37,0
ced5ac20f21aa22888881a878409c14fbdfee755d6adc9ac61fb584cf77419df,100,14,0
820545b010a59816dbc17c4f461b5ca52904a602fc39d4f3bcdd36df28ace838,96,16,0
f72c6ac2d6e9d610d7b632c63a699d70d09b8ca6d861556b779b99345cf7508e,73,12,0
317c040e4413d20973e546731dd05304541639b1cb91d5b2534e044b6069c447,65,54,0
0a480ef3e795d82baa6b6f75a4db523e9306bede3e49ef4f417b747c8e3a6440,37,20,0
6f882c6dc98f368c35adf93691dffe59ff8bc2e88f9f061272b3f9b7100937fa,72,21,0
252ec0e466414838c859c255a147e0aa5199bd7b9234a995f9254c31adb156ba,39,14,0
83d024c4912bedff92381f37295eafb851f2a1e63d8baaa0c965ceaed71db029,30,11,0
9ccfd6c2e4f1ab56b128df102adf54908602eb86d17d7170dda9e6f7bd9eb671,39,42,0
63c8094342a14a50e34c8289270792ef4123039b5070d651145a48c2571fd4e2,69,43,0
25f63d7b347d0068dcfe5523ab59f0b292b274ee7c5042c9cf2dd7791eb5aea5,39,3,0
34f1d34c34109184643698036a94be38fd0033912bcdad7851c1fc572d453d8e,96,11,1
bc599fb9b2d30b2248babf23e5b8ec96f42a6e9519268eb8b37085e1c7aefaef,57,17,0
6760de6cad064d89672573b552564f01e616f074eb971cfe57d6af4972beacc5,98,3,0
44f38c4dffab87df154f8d523aedfc5be5c1d33ebd55283d253c9a0e4a6f6371,24,8,0
dad745228782c70f9c59bfb09d1e1b62ca51585f3284ed5fd088282cd2e89b1c,7,32,0
226fdc9afe969acb75e9db3aa7f8fe3acdeaf8a8a50c2568e230ddd81149960f,83,8,1
e2d8a9b1af6021f9aa1f7e9fe907f2582fa686fefb9cd1c7e9272121902e73a2,41,30,0
636a5c9da2d7db3b50775d63a337f96a988326f8443c3f9c626ffc6b1dfcbe6f,19,15,0
32457f739d8a700619095704c2fc4b10e6e16385782b9ed8d4ef4c817a4dd212,24,4,0
f4a043416c7e685749e8e33b323a27da5b17e584d328da0ab68b72431beba017,32,5,0
b25e486cec6d300dfd9820dbfb867a5c67f59f6d5b48d7ddae0886390f9ed731,15,17,0
be921db040312667504b9e9215843ddc1f1576c2a5027e728031dc4a1e681672,86,36,0
82a151d303ca5dce4d77434ad3a45e6b2896d94e94a92dc746d0c29117aeda30,33,19,0
b888eb40ac261efa3359ea1b0b9a0be4cf242eb181f235f9ea3763f73aca7296,66,12,0
f38a918baf53c18d572dcc900d50b18fe79da476a92b240f2ab9950f85f516a1,73,33,0
018a1fab8274a6b0db3ed0a98915a909dd20b87cd52f170060ff199de36a6f49,14,7,0
6d49dce7bc09a1aef47979707e530435ad2be4a43b4ca2ea421bc121ec798334,37,7,0
faac133ac114ea39be928de69053f3db0efd70c93596baaf7c5c7515b0268166,24,3,0
c0e682e29dc8d80582d4ecbc747a8edc54ffedfe0d2bddaf8d1ab3067dc2e70f,83,5,1
63ef04da49c90ea4af2a64dbd102403c14f4144d48a5df38bda73005f69c34e2,19,4,0
545c51e2f48bd1d73db9af8933baed907f4d516b64c2a2b04c9936cb910ab7ff,63,30,0
ae43bf2e0b10051a9bba759d098c1476b63a7690a7b18d96bf840e02f94c57f3,79,16,0
b7e44dd6c21948257c865348aef3d40564329361667e6d19236aad708a6da5ed,35,2,0
b0366fa3d5038376a09149216cb2e6f51a1dadc63d04089133368769e1cd7173,69,33,0
da6e24442873a93c011ab995a505d789b1ca6a52ef17e0f66f2494218550b7ec,95,29,0
1c3ba168a58bd0f6d9cc44f46de541fd565f8cf008a188a149940a75441e39d4,89,19,1
14d77c2489c7a8d2f7613d22c24b6277f4499b3ab9cba3c954a4ae3c24e4d073,57,23,0
834ad673de35109fc51c3045b64ad9fbcdc84880f41e3cb6aa2ea041bac7ef5e,35,16,0
8971f62208bae8e8ffa048d700d70da235b2f6d8dafe315b83c031dcf1ece3ee,94,19,0
2452c25bff542cf7d73ac821ae72456cc4fb1bde73acfbfc95f2a58fff059f43,99,44,1
b292cc0a410dd54b7f5ca9fbab5e258dbd7520498640add7288cc4f796beb95f,66,25,0
8abd07e950c326449799502adbe9b741a9a89332092ef1bfa75cc57e0eeac1ec,18,10,0
53dee823d02e3cf75c91cb8550bf50522a035c2d9b71e190f9382bbf179bc536,4,3,0
79a7e69a11e7d88007e42dd82c24006ee9be9fbeffdeca241a9aa2a63a23004d,75,43,0
c39055fc00dc9df780b14f1ae203b68681342d3222446c221af170cf98ef5dee,96,22,0
48c2238e643d0c0c8213a2018d7e5ebfac7112365f38f3ec208709aeea24bad0,63,6,0
01bb8c4673fd9a2f9e26b8333fa27a8f943898b36f278355c0f34e581b23d260,12,6,0
b8179fc4a11fc1008fbe3d8fad7f51065247a21b3dcc4bccb268268790615f0e,90,27,1
3e1d1b46f8840660a5d8667028a01d4f75d422f8d8dc6e51d6e7b247e6433a40,58,27,0
b3d5cd50a9350b7c12fcd8ec907fa930aadc93a95d9f6c5a00c3b81b4bbf8ecd,74,15,0
fdbd5c5939f2a751403f53e61ff31d9d665ade30c2604a2747ae0a4e1472abd0,15,7,0
b97c41da712c9aeb249b7bc5fe84ee6f441a3f9d1b7c5eeaa0b43bda5e80adb6,31,9,0
512d064f3ec7876360b798100362a89d00105bde6abc5e975bf3cdd0baba19ae,62,19,0
7489405d8baf3c5b622f2bb204e4bfe6a52909edc5c0567d5232eaa0b819a6d7,42,53,0
e8b6bafaf5f11d3846293c5a03aae6642ec9204752816f42be9d77b8b805f6e4,38,17,0
3f652bee9ffdc2a9cb455700088d0119955c3da2fa86481080d1e2b54e79c66e,46,40,0
7c058bff1f27e9cb19ce28451e010cfd1db7f8078b1512dcc7c7993e7891cc3c,18,4,0
c11336deb0ff4ebae14f70d021ff692b9eb7899d68a924327cbdab698dd1138d,39,40,0
189a0add9b164dfb040901ec337c7db09fd800c690fb000b7a69a3900a922c2e,3,5,0
48b3f904a669989ff839608ab6ce859560c640ca4af64aaf640038544f853a4e,33,18,0
9db96652e5ea394737d2bbb0be26338563a58d8b71b42b37c122240bbbc89d21,55,3,0
17f901c23882cd7d1767cfb6f7c2173a3f97c89b92442ebd926bc7c09e6df97b,46,10,0
8f4ee4057c7bd60e251c16ad6c93e9acf062a859f047c3243d88f2a38b18dae0,16,6,0
77ca65d18d9194efa9d56ca8d4365143ef3d373c1f6f2975d853c96ccaca5bc3,55,13,0
e3834863ede50673fd4ca994d301246f6269e2e313a2c1fc48546eb7eded94ce,73,12,0
c7473fd7d7f5933b19118cf770c166c40c30a91bb3d3c41b85574c5402a42c0c,36,20,0
628e4a090fbc50338759c92320de6db2d607ca167fdcf676394ef7335182fae9,32,15,0
615dd13d0405de193f90bf42a76a2d749d72c5d4deb22394cfcebd56619adbdf,41,5,0
7227c3d2ecc3121383c4cdd5ce5884a7762f375fb9450a8c12c701863bd0232f,3,12,0
7879951cd961dcdbf16cef80c072faeaf4f817c8e2c9a841986df4804ab09453,12,26,0
b89f25ceaac126d6dd690a8291d0b03c62b24ecf9ff61eb167c0ba405f3caeeb,96,26,0
911ca2c6f4a565f72e97bcb45b587f3d27b09ee7fa2acc3bc71e9cb536d04442,49,23,0
3f282d23c66b8a85175990b887d7c04c85d33fa929fd7cd062c6d850693e42cf,93,22,1
d1a4a8f0fb7d02ddfa901508ec286e174b0df22b56e3847701458c45ae824011,57,0,0
a164ad56351894a4ca06033955c4abe6bc3e672075eb6262d57977c3ab306665,48,8,0
024c24034b6cb0d6dc38baa6ae6cc1e0d7cc7e0d83a04609e1103499072be903,92,71,1
5783ceacdda268291889a2c2c5486587bf2c39c852bba80cb3053525bc438e64,38,11,0
c1850676ea5f5fd04d55c13617ff1e4a9388c4b3bdf7a7628b34a0ce8c3a52fc,66,14,0
4a6d1899073fc1fcf19645c450113ceab85e34dd6a4f1bbfb98c7bee82588c58,60,9,0
06ff2e54c12e92faf6b4ec2e62ad04e3559889c74aa91ccd827a19a1b7f1557f,60,6,0
e326e7f4ac77fa866ed5d339f1e52c296d244aefe64685ae2c552adb75e63291,97,31,1
63b86b9e13e9829acaa27f15a8165e1baca30a50f1eae0693922f27dbf8812c0,64,10,0
a6331733e0d3d5d2a25013d987ec4ea7d02176f6ce321b381fa0f577126a22ce,100,30,1
744646ae85ea764f0c7835a7486abf86a55e6532175b86bb0b976854c0e22ac6,66,16,0
89389ebe515a8f44c16f45339119ec1383b7a5117afd74dc5d6d7be3e6a1f875,8,3,0
ed10862130fe16264ff521e702597ab5efa59c0b367d1b873c82d80f8e76b185,77,22,0
f2d594aa830bf7fe51b6d4e71c9f5ccd0de9fcb5a08ca9f8fdaf9e589f1afc8c,54,13,0
474a7eb08f91c101ba1ec3d2013cdb2b8e0594c0bd8910742587bed67d0821ec,21,22,0
e22632b314995e978caaa13e8a918672610ed1cc37e9dcca345052af9025818c,65,21,0
573946ac3e52ebc30309c00122b0e9d800fe7fc2bb5efd141a3c698d2280a0aa,84,16,1
db826b7080fd847f2e986c0a6cf76e53d7b3f5484d31ddec0138516cc32c5080,56,5,0
1f0af82a5476d677e7601c5d5cf9b539a8da0ed1ecd69d3579682b311e06baa6,31,5,0
45becd5648aefdf13f7559c838a32b54fde6068321bde32748f90fcf1dec0bcd,39,64,0
f832d879427e5bf464ec5e3ac195b8524d1b98a0efbc5ad3fad2d0cc5226b36b,42,15,0
79713f54224c7bc11f5754c3710cba2800e17262fe5ea917d83fab53b75772fa,33,4,0
df79153db15a40f353c5a541aa3fb20a1e1e527cc7726c251c2c90771876a9d6,14,8,0
8300afe0f1620be55d25c597d7def42166c971e14df62ce36da3cd138b72cd9e,76,47,0
685c24c758e05696a99fdeb0e54127f82e7be74aff86c9862e6b226550ca00f0,24,24,0
1d8e4a5e86109f541d90bd3f30cefc0ac04c5168968bd51158a2a0686e50d86e,85,5,0
7022efdaa7c2473347809179e43e4ec432076833eb14919a279a6fa740f503e4,81,16,0
314cec200cbf371b5179d96abf19c56a079f09ca7a6b39e12614ae2faf935444,48,13,0
f2b31199f2596aebdfd901d42d3a2c203b092b6c859056201b56dbf13bf9feb4,9,9,0
7a2fbc3ac77ac3f2a8d43ed076e6cc5bfb9021f205925c3365cbfe56b39f3218,28,27,0
70eeda223aad749b78eb8426dd3f6d4ecc6e5ce8ed08ec4c7af70546f636f020,34,39,0
2ba826cf6eda730518f24cb8f228f41dc3364a189301e985a8eec052b430740c,76,12,0
187a147084992ca7f1342d85c9c2f904b5df2dfc34829aacfeaf401405911c3a,73,11,0
e9b149deb3eecc7b017e9d864dc394b51836d437b17861b14e2d0adf86c8e14f,35,11,0
574d49bd7caffb728620581c2815093441b13ae8c1b6e33b076a108b21c71f56,85,1,0
71126766cf57984e02c304734ae4853dc6e1c467d73511a2d41aed12345b1a5f,71,26,0
370cf30619d63b5c807651adbfffa7f3653e94ae6c89e944056bbda394d6cc2d,9,63,0
0d574efb768d2e4e6b1244184afaa373fbbeb220d9f1ae19f8a3bfc73991d3b5,29,20,0
0329e34853054ae7bf0f689de811d4950ade8fca682bc703ab9fa6c25d9f6768,12,15,0
4bba722157107e74dceefe8dcc4cfd4f41f28384547413aa21a6ac6ede807690,5,20,0
d9c68714675f4ad94775f32512c5f05681588f652d61ce339eda62a334b84eb9,72,23,0
c921cd308f492b0253e13b0dfde50abd7268784680c399249b3b0194fc031c6f,56,28,0
1b7facef633037e607bdc0ae1b2ab5eb0c530db99df56f14f1e42dd6154ef2c3,37,18,0
7690a0bf99e548e0cd3bdf2d9c4aa258999eda44c19ced7af8d738391230b038,37,23,0
9eb8ccb4fa6a83cb00d7efe8b2c0d7c4986800ec9344087ebe53bf9f8c720a42,41,37,0
8a5f290900393617b6fffa84f0a28ad5b19df8bc3a960deb359e6c2a6382ee05,73,25,0
030ff2b7afa35395966628cd0aa4fc94531146e99f6aed5d2dab0161e3853da8,36,30,0
f9ef680d39ab2a16c86f13e6ed49161359a4a9a75e3a9804f5f2918b46537403,6,11,0
f02480081200de001b6768af6ecd7a85d45e8c119c3c4a7f5f03cf4d1de808fd,21,38,0
baefeb7cba5871bec032075d76974e56bb3564bcb703a44d0f167154175f062b,49,14,0
f2c1c402381d8389c0d3cdcde13c697bb669839ea8471718e9b9524b00d7fb82,65,14,0
438faf16e40f910eba71b36ac6821ab8c7c2cde4fa96572cdd66489d3b86fe83,53,13,0
0fc2b72cbe3e918e0effa068c99b709370e4e37c28dfa6c02ffb7bd503fcbd6a,6,28,0
964202c0493e06b87a15f0cf52aa6e2ea9399c1c08d85c1da1323ef8ff51fea2,59,26,0
0cefa2a25ce12067d4601ca5d7796c2518d87be28ec67ec1e711c4970befae1d,2,15,0
4468206c638bea6f5ce0389d371df11dd8e1ad6b261c0b9bcbc52cccadc600c9,45,11,0
e32ea94a9f67d6e05c329b006b755a38272a395fe2ca2280c4603db40e346cdf,97,45,1
27f5c1359e80a1bc928cb757e4b32bcbd99d163eedd0596287b0953ee036fd07,100,8,1
5805f749ee372b9b74334dbdef361909475d1aa5360160376c256d9f9a83c59e,93,38,0
0cc00e3115a2954231a2a53fde216af9af163aa47b8ddfe8212f74a5a51aefef,48,23,0
0e17fac954a1d9b4473aa824d16f3b0d5c8027162ef53f5dad44d149a91a9695,46,25,0
5e4ae348087268ae5fa28a989218decdcbb23563fc2c423bd2ac455951a20c4c,88,11,0
7571a5a53ec9c830fdb69a431996a933a85bfb266f9f6f5a67e79c4a8d482a4d,82,10,0
5111082cbd1f39cd6cc6753ee14d0c666065279f7edb6ef61995ef4b7d6f2f71,36,12,0
8a054e75801c465620ca277a6cd23240cbdf532e0f197cf35729f4889814c451,2,16,0
eb6eeca0249f5fa7e107427f5a387b8d7e590009557f7764eb5cedc42ca62deb,73,12,0
1d74cc2771bc026fe3fc426d1e4444a09c88ca66114fa55be3634d299e521d0c,35,98,0
c05417bea13023b28c357ea26be9f030d63b710f54ef6701865975bcb7f0b50f,81,10,1
d2fe8754ee03ba687ceacddb7483adf26608261d06daa2f438d30279a2ad2149,36,23,0
67fa7ca150c6a2ad52a1f747574cb82a3a47b1ebdc7b9eabd11f00215e61343a,28,8,0
2363e27e126dadc2423000793067d2af83cc264fafdb5473b77d4ea434538006,47,20,0
c2690cc6a0275af5dbee4b8191aeb91e1d7385603f98718b3a850994667ae883,19,18,0
2e4e9cb8f7fb46164a64e45883779d03e1f9ea5c69b64f2b3a49f08630e15961,2,38,0
15af5b799da08376017a95025dda113c949b83ac8a2139cab3ae2f0cbc6eaa45,64,14,0
29b80e54e32e1aa39f21d1c479da091f2114ada291ab5731c0cb34c4cb99dcdc,95,0,1
d12efc5a41caf17bd905daa9453962982c48f7150fafc8e5aaf7be178ef8dadc,67,20,0
f1f762a044e4ef4a651d34b0a1ddbec6a20bef12631396a37bfce00edd35443b,74,9,0
842bbd59e21b99aa959e4b05a2e3b0c117161ca2ee9674f439a33f2afd5c13c6,35,10,0
936fd5cbb9c79d92891cd5abad22d737fa88338e13348d46a2e78d7fdc95dd95,53,16,0
449974eedd510bf43771427a74f56a77c7b6b00038936b07abad1cd97abc56f8,7,0,0
52e695658f5a5ab519f211535908e1dc3e34a5909cfe414d4fee9c89d38179bf,72,24,0
612f220cab6f7eedaed7b78521e5228f9ce55e5d85a8e8c2c06a910b969a73aa,57,17,0
e378defbf4204c1fe38864ef516b86c7730664dce454526391a2ad97ebdc0d3a,92,19,1
93f3252dcd4d92222bef23428fef5d4d6fb75e5382a006d24d3080118e9e538f,62,1,0
74d0c7f1678c7a5db994c340a18ef1833863552ae0526a38759bef0d6eea5ee7,37,42,0
7872f649a65cbb82f832f5690948ca9eb122b63f94ca0f1cc956636e65d28e29,59,9,0
d8d3cfd6ce05e8c6bbe508b9ceefd51e9b2979f072ce637a2618b0c320df2216,44,17,0
110361bb2a71fde64f19a9c4fe6faf1b44cdf8ff586d2cc73d979e6673b4ced6,54,6,0
bc068e4a9f828a60c9ffafa6618299b4a20788204c0b99e61b15ff66f68a792d,23,22,0
8b588c933b0517cb9ce911564aecdb683f8180b6a1ea8e408d10a0b219642293,6,31,0
01ee70d9662694b33862ce8a9a8fa8de9609fabbab8dc56ee22492caba20c967,10,16,0
59fc619173785c3a16cf54e9f07f958db3122688657fc3191a5b5d71b5b6283b,69,44,0
fe25b0de854df8ffbac0453071aff46ba6399bac7803cc35202b10219b47f9ff,21,2,0
33fba394ff5f2d9994dc605f8447a5056dbf401c7e9e55af29890d24c164068e,29,9,0
5a66578df579496928a9208c0e7302e60ec0a526cd3536d39be34f728c7d3d82,57,3,0
6e522e53e2443a32f4a920befc3cea663c919f9f6dd4c4eb63ec5f11cd7a5d88,16,13,0
7654ca05bddd247fd0933b2f9a0896425d05d566615dfadc579b7afb29bc37e7,12,35,0
63552f1b6fb7afcd90b2e1bdc5b3c63547d4083ad30a99c97ff416eb59d8331f,90,4,0
6d2a05d5551de739881fb1fbab89512fbcbc74ed46c66c15594f775ab8b3c2cd,100,17,1
cd1577b7677ed1561980e9b5bb3e09613683cca29f1e14f317bc9d65fd821179,19,13,0
32044239fa056ab07559c5eaa8115046b235eed6d50b9e365690fcb64589718a,48,27,0
f55aa38e5bee25c87692999d3d2a5a944a479b9edb086f922a2bca916303a0b0,19,27,0
ec3facd393f627d7a00b3727c499eb437b4ceb7ffccace60df167c1412b9ce9b,68,11,0
0065be356e35409f197027b20dc37700dde6be621e025e536617e839fb62dd7c,100,13,1
9ad0ab7d840001f7b87c6b03ace060d33faee3d6c34d87a13380593d64d452c4,9,24,0
a943790900311c466046ecb5e90a9d87115ed69424f4c684a9229d4a62c34c28,47,10,0
c53572c86f2415c4c87d4d234a1741319d1f28a010852e1fecf8c130174f0cf7,13,8,0
0f88dd05bb796f030ffd90e5e4687498208ea9aebfcc8f36b62ab8250f75d8aa,21,5,0
1c074e17f4c8a7d8d343d63e19a968a02fe53ab6d5c4714c68547f7c57a5159b,43,41,0
e950126d491b70908e3b1930b6ae8fc1b387ae6636bbf2247bbfe3ce84a9cbbb,81,16,0
1a9e4f6090e272d9bbd3e9d1fa68c8764ff6d4e93c6cea21504df90305958600,94,33,1
92fd34f98de8df4852e40dcc2389f4f971c61806b832df98e1a2011bd7a98da0,67,4,0
110fdea4613a7ba734129726266c92a16c515f49841ed2ad2c4c867e409caf8e,75,38,0
14329299172de049a48e70b474eef0f25b808af9cc0c81ed8f7e684acd5979bf,42,8,0
423875e87a61226ba3cb053682fd82e7ef8c61cfa26e260ea04de1d23f06833c,52,6,0
187efce9f708bc9786a94995bf36ce3e394f649806936d55bfcac7df6e2bfeb3,88,3,1
6d9677045641b509ed779e53ca9f02664d26b18d287090bf22832367083f46a0,91,3,0
c284b21e2fadd667ce077bbb39d93f6deb90ec7c8d1612a919281b47a450157d,42,18,0
a5d2abc79999737e2495e7818e72c5cd3ea55045ef3258a906467604f1335497,68,28,0
ba3d1e7ca3c01b42d5b79e36eaef900b3271891e54e56366bb7dc2bdfb9c960f,4,25,0
d5ccfd9e8ce7da8c4f80553a711e75610299d33f23e9d3bbb672cdcd0c5a8a16,86,25,0
59663cb2f6e1ec32acc1d55064dd0642918964e8e86c0c7a8eae200d6aaaa8b3,51,15,0
6aa0782eb3c2010d465cbfe456ac3792887ee4059e9d65ed9c07c9133c0f9f1f,30,21,0
fb1c24da9e83678728723171332890e93c8ad2296b87acdc5756019b69683fae,53,7,0
5176a291e7346e88f9ff6054b8adc5fb3bf30daaeec00fac58889061e011f428,31,6,0
12648c9a7b7d784abf2394b33a29ac973d1f7c3aa10d1ed8b57d853c7d35c2f5,78,23,0
1311560ba6dc6cddfbffd75d0dd84b358ec7cdcadd4b47e7c18b3e7eb0ce34c8,71,32,0
af1d035cd7595d6029d88f1cae1f48e365ed3e9f1ec9e2a20bd28f6e3e57e2a9,1,23,0
149679025f17ad6303a933ba4b2a1840097430ffb2f383839bab4b12b69a3e9f,14,34,0
53ae0740220431765cd63bc4e3bd28f11aacc7c364160978e89e07621766f0c5,67,36,0
8f5d871044c584ccd7646aeeb50df54dd18a4957db236c801eb88fb5199698a3,71,40,0
a037b66d174c213d599e154aa16478605966845c651a967d90c5e8f3a8f8e0da,45,28,0
ac0869ad0692b12ead2bafaec97a0738c7f0f56912cac6db3832609604e56806,59,11,0
f50986dc900dab727d5c9597ef8984d54bb6c318a8b1691001da30677989bee2,50,3,0
c152041b60260323bbd8771674d06338e2de3643459ab8379863054d16d9c531,54,28,0
becf7332b70c42741c971fb2ddc8ae9cf2f5a8d08f0d48cf6db78348bcbb5778,37,27,0
25aa849b9426c777819fba95a1d5d658c3bfec00fd45c6ee012318c6ee6f53bd,3,32,0
84d181489150172179a7a4bb91742e13e7d069f56bba21c9574439546b47a08c,65,20,0
88cd98338c149517654c95f32bf5c02d5368ee7255a3211b72ec11d7fc5744d6,20,15,0
a6d2f59ea5f42fdc49070c8ee38fe770acf91f4103ef057002a122878be59713,10,18,0
1baf4c4bf42b35040ea06c0b17e7687ecff883cd5ca750c73900ce33a5f5b5ac,62,13,0
0245fada36a591eb143fbf0ecd0e381fd3027b80eb51b5827e25c1aefc045679,99,25,1
c2f0f3ed20dd7b82aacf0706eb09387c1ed0362bd5c552839964adb54a6002b1,54,3,0
ea943a4b36c2ab3f52e486ab8a5d32d737fe94c8a647719cb3563ce784879f5e,19,21,0
e66a57cde730ed3153fe4e39c2b3d3df9ce6811f6cf26072c2c97a9a08bf9abd,2,29,0
f98aa1c245a7c132c81592297dfc2fe5b7bab4593dff15391cf047771d1a413e,19,16,0
77c8629a6df8338f9cc84afa5e55b7cd032551f1160d8455d53d16402a7c7ab0,95,35,1
50658c6829c553167a34ae9a9ed317b9cfac7e2d6d65f8403c08923d8d9b2359,69,30,0
ff5b72d1bcee14931422c2ce048a0d54f1c0707d83d2571e422ea763a6279828,73,20,0
ff2bc50958ce0e3f46f3441958fcb2e2d1d0ff78106c0abf429f405c6c15d184,99,5,1
20fbb4a2058546789b4ba344b7b546c81ac3dda51ebf93a57d3c35e20a1c99f0,95,2,1
690c85c779c439606d001dc85df8092046fd6e017e22e7c42f7fb1efa9fb1e62,1,13,0
5d529775b6df1120d4f69c85abb2869b3e06d26b81d8ae4175c742a8e4ce3595,93,20,1
6cc50f8bb5a891f2fd2d02aada9beefb60af8fcc590b657066bdcc059d31ce7d,14,35,0
fb137c9beb7c120be1770e43b5ebb52f172a997c7075d4d3cac5b4474910ddb5,93,14,1
ea4ff36567c3d190232179eb74b37bdc9221b461f77f5ca7e6c4eab941406c62,14,29,0
bca7da8f1faf7246e2b90657ea74819a22f795d88273228e2790d8a54e59503c,96,6,0
18343e25e859886bbe9e5f42bb1ebade3dfd4580c5909bad7f77800b04e5925d,8,2,0
5465a584f28d38cf6f7a943e0d36b69547a500edb223e59307c86afdf821bfd9,88,14,1
1ed93ea2efdd6228bd3fd4ce71f35c50d21016aaa46a35334ade790c6bd868db,62,45,0
bd97356f02ee8409d60c017b3f7c320f0cb0feb38a20a5730acbfce076589e33,4,12,0
e16212f81e4ed20bdf97030cdc46bcd18b7adb678b9934dd2f9887a6442cf941,84,3,1
50fc6b8e1b0d2ca13e9845b1a484c6526a74c3a214d50ec247b9f955bc3d77b7,9,32,0
e636d7c02b79cb3249770878e121498a090e3e8e61f2cd5a92b744d9c243cdc0,75,7,0
