Customer_ID_Hash,Claim_Amount,Consistent_Payer,Is_Flagged_Fraud
5b16791af4a4e0e8093bb8d3279f9154f063a4c85d417c33898d399f98e6c6d2,887.05,1,0
5fd474ca99fbb87af737420df529e5371ad962a1e9d12a6101f09dc42103f69b,2279.98,0,0
587e9ed64baad64bad908968a796239f82c832703edd1e1834ebc6b070a5d5e0,2221.29,1,0
aab9cd5657bd869b9858392e8ac086afa516cb4ef4a704b6096d363393c6c209,1691.94,1,0
7e7109028387f62b77241fb60a11534b09ffad8db3c8713cb2179d46f6bd8a62,36.55,1,0
abd3650e1f84c78e15df1cd7b11b98622e890907e40093d134a22599edaf2dbb,1176.87,1,0
9441d5271a7c53bd8d269b95baed1338137ebf740ba4d8551e05cedd00518d7b,475.91,0,0
e44893f97c2b5c28c8bf02cdfd3e70186a733140022b17e3b964d7d3b2f81658,730.87,1,0
9532dd0f1dc96acb52c7305db5d478804b289c18a5166798c83235fa132e44b5,1072.8,1,0
314a708a68d51ce0bbedac8c4d5135915031bff6a23d5df3e2d4bc9883eeec2f,215.49,1,0
27c2cecd21dacc522beac9e9dc78fc73f3e2a12103708ba1e920ed2318727895,317.89,1,0
452f5f15f4568d389e0ecffd4aa9b22ac2497d10f85c1b55c1dfafbef5eed0a3,1268.0,1,0
540e6e450651043e40eff0a86014bff202093597a258ac5425f0aadf8d90d8e2,1527.87,1,0
1c8168b1ecddd5969b963f576d963cb1cfc7d2b6e5111f80c806d1e01958ac2b,1899.31,1,0
67c3437b90b38047db103ae3ebdf50cf9f4f0a327a8140c7267bc47f25332160,1492.74,1,0
7bfffb3669b92a74aa653ef24bfa1b7456bb7b9c5a548ae1feef53a789cf563a,37.35,1,0
81de596f206a51f55d12c1454424c7f4ff559bd5a4a2d1f17d9aebbeaae9f138,124.08,1,0
547a8279b7db2e302ee6ab7e500ba81bc49d2c1e1e94531f8c2027e67829887d,1391.43,1,0
69b5171bb27d1952080fff79dfb7e59f78ad774d201307f4bdc98e273f0c242e,273.41,0,0
576a6d159e08dc0262ca609fd72fe22c7a7ab8dc13a9d8e9017cd0f10b331d0e,294.11,1,0
a379247e8700539da910bf4da49e8f5bce52306f7817a42f959cdadf0511b13c,1949.29,0,0
71dae6a0cf2c30df1febf7f63a84ec0d745399342ccfa3c86fe0975ef8aec4f6,2991.32,1,0
5228d21f47b6638502f4743648f52dbc114b6c8d87cd08a4f3832f94a31595c8,824.82,1,0
ecc779f63e48f7fb1a52c1c2a3a144763e05b4ee82194688ab516bcd226116a9,196.96,1,0
56111330377dd99fce5969db6998b5dd64102ae5039ec67f26803ef1c66ac440,1470.77,1,0
94b9d8dbc1cad67cb4567f18d090ef35df7b2874153cec5484a13cfdc4de7926,678.02,1,0
395618aad1fbfec6670dab83d1de17389ef68b858c016e4030af9a9eccf92192,997.64,1,0
2b5c3c06442ee0593f59cbc68a9585b4557a49037b52c4c3302f8beb835cd792,1829.45,1,0
58c51a0c3fd139be1af6f56006019eb827b8df78363122d5b8d76108870a159d,618.11,1,0
ccd03e961f2d243122718df9bdae56f9016bafad81c18d57f3ceefe59f9999a1,689.04,1,0
1df02df27fdfa4d407237437a7dd18f3e72d621fed89c8a989cc36a2deab0302,1137.6,1,0
692cad7d2d33a9a1599197a4ae91174b481cf91ba69ac20c06e3433cd6a71340,1052.07,1,0
b4b76896b774f2bf30924b352fe0fd1ac303e41f40ecfa7fa983ec95bddea110,313.06,1,0
729a1933258c857f19e67322369aec96e0a9639c55e6d785f65bc9a752f2826b,69.7,1,0
ef353cb5428ccbc2d2d47aa4bc3c58098d7ef1d7e7573a6b31b61c079ef0ee63,1475.98,1,0
a1b9060884b2b91619dacefb1ef976fe5e35dd41f87e9b3371e5c96cc1848f37,655.82,1,0
1b57cf207c38039b86301144fe412b1e2991840372798b7dd0d13ad822d5a476,399.29,0,0
c222d6cf94ef132f934348c6b837e30711b4e0d91a90222a1f28ce09f8fd369a,714.66,1,0
9b6159ccb94f3ca9aad1a3e2ec0b6e811b45309ea47ca657c36a0650e42a9abd,306.02,1,0
9edce7164a5fe7d66ba954339ea4bb35d0690c8862c4d48491de12986051dd35,371.81,1,0
f86433343a47e1fa010582ae8f2679ca449ef8404363c3c2a5d7aa609da8cc77,985.78,0,0
02c0050be59fcbc14a7a394e0e8572bfe1103aff66e54834cac50c92edb50316,815.2,0,0
d40b8715f1e2d7bcc4527e57d25bfde557e8afa1b18399a0bd627f7a35547acf,383.58,1,0
9bcfb5675faefe49d9613bd750d8f69cc20cee56bdc6881706b4a0a3312f2f11,502.27,1,0
c4c4dc0b16fd278072701d39f08d199a8ee2b5e2dfeb99ea6da8514387ce7c3e,298.37,1,0
7a66c6a214892f9cf83b676561508e693047ea8db7af84486eeebbfb9cfdde10,872.85,1,0
c9279431f8b7737b70081320e3f535fdbcf2a94f1c2ec03208dcf279712a1e70,176.29,1,0
7b566828da3314215af92018e2fad6dddb1f1ab3c21b017d86f78d390de63d06,911.64,1,0
0c7aad00324405d0887137c91fdbe35f68b9b34917a50fa8006f7ad0bb1721f1,1747.69,1,0
d1acdda1ecf9b94d3d608895f5f2fc395b96805097b7b3c19bfe009baa854a2b,170.07,1,0
5d26807692c0bab3e67ef6706c90bf54236562dd8e29a54d9d6d9985ef9f6f0e,1325.39,1,0
a5b73d5bfa6b8eba4b2e5a69f6f16f84c68fea766564dc186c7ee2b8a60b65f4,525.34,1,0
79b9a08f8090a5a2036423861e451016c4b91b969c0b9894cbd1e1334b21cd2b,1508.18,1,0
070d31bcfa3da6ee250944f7c5d56248bced556175fc657a634f6b5b1d4c957b,1629.49,1,0
3146b48bab7693424ba9310189a709ca1036d660f84e30a78947aee96b290ef5,1542.11,1,0
9b69b772652ee4012fb2bb6d921a75bcb3f24c1b554a2fae9ceb513ac8d60695,897.19,1,0
d882c575f824f124f9a65fd83b0292317f8ea3633e7d60b98acace4f2164f01c,1092.1,1,0
e2c58b0ed1d159324e39a9cb4e169aaa5d2fd43e94b1963997725dbf8d0727c1,1040.06,1,0
8a995e932e8bb723d0e3c9cdc2f1e6a7d74bf2ff305f9fa0bce726aaf1529304,554.49,0,0
199abd17bfdec0003349caf6c2bdc99d6401eae74f9a40027d64f9b44ea7ac42,720.66,0,0
a8d348386db86e38a5d854894e1c1c8e84c2aaa909b4d52db3043ca28fcb5e82,695.67,1,0
3094feb6addea6beb3177005afa98c2f968475e646cb600f8307bb369354fef4,37.79,1,0
859386ba68b1167c88e97ce904b43a236d10119c5846641f5ee2f475f0635897,1231.4,0,0
24d892410937f42859a290da6889d57f67a5a1288d9d210a87568ec27aa134be,968.72,0,0
aee4ce571306a3e55026998ed9e5e1b31c36caabddab045ed821b58279dfc037,1504.22,1,0
0bd51859bb336782f8332821af51c104d84cd1485999dfa5829bd08d374024ea,615.09,1,0
fd7b8c17653cd11f28185f24435a11d3188d427902e6ed6656e70365fdc04016,477.72,1,0
f646a262275f77d1219f7a8f54a681217045311d089baec86f3b758aaa264e65,345.16,1,0
bae570b990b1feb2eeedc94ab3a4a345f37e1da0569fd37cdf79dba97d8cd99a,814.7,1,0
bcd937a71631609663beae532b7c3bad26c88ec58a7ca5e66a6e61f4f1676099,87.92,1,0
a3f4f3133caba62dc1b170be35806483dae27127f9578ca341186a32aef54588,997.72,1,0
5ab3a61939fffb32bb700a882d60b851727adb1c0d45bddbd685db5a3302f387,2892.64,1,0
b6eacdf121ded68df09a757c740d5dfa282b072f36c5cbc5e6dadbb79a820903,2218.59,0,0
68645386c122a3267b2dd8b788cbb986745529b7f3c8b7f241ac59abeb2896ed,2108.52,1,0
53525dcc8878d79c8d62bb56c0a8109417fa89a64de81b9a8f69ad1dbd4c7d97,422.74,1,0
0e82bd7e2f550e3b38b58e96fc7af2310b4580861c12eb7f507cc47e1912a309,1214.36,0,0
4dee7f8e296d172be609229c9c512d2cb1e30e1a7a78e3bdac9e69ed636eab09,749.37,0,0
2694ba2a68cbb34279b0e7ba782c9c78e7d86dd9c53e35b7312bcc507b8755af,1076.8,0,0
31f44845b65289608071363a14c57be0ca1d535662328991a8cacb9348fc25e7,312.37,0,0
10b7433c5138df4576363127fa0f7d0eda01a684275f1eb19d9f91deeb367ac1,935.9,1,0
30c9cd099897beab6f9ae60676ad27f774938b83cdfc90aec27f817a825a7ebb,49.36,1,0
d6be00b13c93a62a884c2045a08886b44d6f7bb25074b124967f6a92d5318bab,1189.09,0,0
75332c2cf5653b544fa057be7e842b6361dc32fc2fac57723d7803ce31c9990d,355.64,1,0
55058a8c7bfeda74ba008214785165d7c4c5eccfb8f4fa7284e7f5fe602c66c8,181.08,0,0
bfc0b07469a6c2f34dffbcb1fe2565d4dc1f4bf03351f0e638f6ec42331417fe,403.84,1,0
98098b80331a9e70442c157ab67249163e43d089c573661b1e2e9db51684030b,180.85,1,0
559eb59ec4a9626f5f6eeadb23ababd85633090b7fab3c5aca801fad91f99cbe,2460.85,0,0
f08df21413489da71c2a3af3445310c57f6896e6de081c42cdac4c3ac7b1c99c,334.11,1,0
1a7f681a71c0a9348679caf4102125d4ecb389e3594e54e47df0677be38297d6,113.85,1,0
5e4908d49376fb226b0b6e0fe669192fe5f5d2564c5f185ba7baacb37f8d532f,124.43,0,0
69bab4a490ec083586ee53f0a5e5cfbc2481a6c1333621d59c8ea9146b0c5abb,1408.64,1,0
6cef6b8a49bf33768b17ada4b0162942aa4074a29d4aa1f3460821083c16202a,1825.7,1,0
7476b9bebf77c7ea1db99b5c78bc8f3ce9739fbf9082c1aa14b72f5103fbcb2e,36.18,1,0
c4e4cdca3beeb4e17c3ab88855f5c72e3ea4bcd2e1fd6baf5b4088d89f499d10,129.48,0,0
8b086f29b8fd5511b6a2f19baeb0dd373d79dbe479303fd5c59c1b09c9df61db,2216.48,1,0
38e94c554b3b0052a8935c000c9dea953577f16ca69e0b21787658a47201cf3b,723.8,1,0
d089b71d0f8d003bccef619585eb3a3188eb4ac04d869e93572cd71d24b3b113,2582.55,1,0
ee2e8ef06739506c32f5c480c14523e4718d988003e7da381c4ee7bc9b415142,870.46,1,0
7f1b038e98c1bac57ae118c24af9ad32ad6885997c71892723399496d77ed1a5,1483.94,0,0
44c29677094d1fb65f12c2236fde8a1031a1bf209166ba4e4d34f6bacfefef61,549.35,1,0
e5db7973cd9c759b06a30032856d33f3db7e1bd6308dc86a2f60a39655c785bd,1745.63,1,0
93c6c542aed46ff602eedebabc7e309813a39def5b19e4afe08fa0311189d8ee,486.79,0,0
41cba4b79531d626b8745a00ee58b7e28476e83ccffd3d8e664a1c6cef5df3dd,437.49,1,0
bd3fd3f0ec8f9fbabcad2df8fac054c93d55bb5164c2c47e6d79a771c638d9a8,558.75,0,0
08ce684ac31f0958604828f081de39589a7b65e2fdc40a3243b923ce202d546a,502.63,1,0
6d7e63f33181bd2c0720d5ff61695eb75b9bbf49223a624993168d84e97e63c8,1861.94,1,0
bc85ccc53a28d6caa5c2861937f8136b2f69bcf013c6effd9c2d6e9947cc698d,468.12,1,0
c25d615fe3385a8a102aa6a2bf209c43bbc24964e3c373b34c3315737d0c7770,464.55,1,0
9dcc391705db461cba2bd8753dce826b4eb6291561a0c0e899970f2d8125b45e,537.76,1,0
c0b8d2c8cd232f7a5e56fb613df4947a8b2cee1f53eb4f2b2cba62faa901b282,552.59,1,0
5b1cfd65d73e61585138a1b9ea5fec8aaac8ba6a48fd1ce6a5c64dc3839bcef7,1087.09,0,0
7f8243d4c3b3f4f93427749f290aa8715194e38021ebc11ecd5a55f7c3ad8916,210.44,1,0
15495067b26999d361f900a982d9964249a636645c2cdf72333fe6a96e51b356,1281.86,1,0
7a37a277f10d0d92b57d8f6f6043f44e5c215e7c2fd145f164bcf25b1d16bf47,292.58,1,0
68bb182517860befda32a2e997be6b545ade3b3f92d48789e26ea25c0d179713,3288.07,0,0
8172c02b39646681f26c08492dce871ae9f575165465f02825d96d9b30a6b6cb,142.33,1,0
61d5e489f919bfd49a3ae6d52165219fd1986698951513b53fa8e47351053ce0,1644.01,1,0
d709a7d03e98b3e3f493d72a459d2d0fd27a6d26211b9cbf15fa58c5b9ca7482,438.5,1,0
6ccae01d905f8b36e35cb9009641793e3ee7219fefa30c6b5d30619455aab1c2,88.44,0,0
60b951e9e63d6e075f8d16b1aa3dfa2d814a40249ea826fea9d941bd1ce7cdb9,1313.67,1,0
48dc4ece892ad5cf027ce6e5f67f471c0542cf8ca22ee2b6993bb825c605763f,5684.23,1,0
3c1834668e66479d33754d9e1ef6c32226a153a89ae8aab7c6fefa10d9d03914,9.64,0,0
d1f695c3d10724510d6d8cdeb7337773e400c1e5cb586b1e6b10a4ceca78b3ad,271.25,1,0
f68ca6ad1117320d421baf481707e5a1fdcec2f1b03354de99d39e7195abf5f9,619.76,1,0
ffbcda996d4c2ed21bc2638243698394dd0edc08c5438399de88ca5165b7fa01,1449.27,1,0
f7978d9cf0f21d255f02e1697955e2fe4d45311dcbded335f447096b072717dd,3593.69,1,0
7bfd8f7a5887d960143e5ab914f7bb59cd00d4d8cbd9b43fe6c90082d6f2e49c,2476.31,1,0
8ae2603f8d1e9741028033833b710037de0f66bd330f3b132f02af7fd1c22fab,885.39,1,0
8321c4f4f2d562d9b8910eb5c5eb8312d1d5b25507cf6ff50b3e5128df446b14,587.66,1,0
b614003de9f617003c64ad40cfc014b7571ad7d1ef740b2caa9f0342f17c06ba,581.74,1,0
8e8333db6b20c25af84718ab22877ab021c8c726b807affd25fe9e5fa6f8ebd1,1184.14,1,0
d3e866dfc7f0df22d408c5a535e5b2c8a1f2cab281326ff76feefcc1778d8303,1296.97,1,0
52bd2514370c49ad35d69f06ee24aa661ea2e63417e83ecb1f2de8ff63186f38,1327.02,1,0
376c2779025510870f734bb08aefc4aa95ca47832650c04d3f01c28b247ba93a,484.87,1,0
ac49c90f8c7de2e94db2e8f763cadfbeb731c4821f572985e86ad8a7645387fc,2907.65,1,0
3152872a116ce6b4e63594cba26944c0783c921ceb8dd7caef1a787ee072d354,1578.27,1,0
120cc64691ab7adca244270e325f8569af22bc20228394e04a6b5e781c28aa29,298.16,0,0
2ad974621c9e8e40dbec44d2d2a0b89c6d0db43ba9a82367bd2e79f98096de9b,1011.94,0,0
63efca431a85ed2975f0c1a22cd99207f44b7245d17f942a8beb1d0159b8a847,1865.24,0,0
41abf885a40660b00ed86dd9f6fd36378bb27e6329933af91fd6c80dc237eba7,7.81,0,0
1a46e3d211d5a28c52a35c54044c6004d16e7bf55252e5d39bd94dbd2ea706f6,80.17,1,0
494db64af15bc72222d30e6ac00bb809213b875a795ab278201a7b308a941b1c,4549.28,0,0
5ba58a5f00b82a431b7eab58d2211f57272906a4e170d0b4dcfc7a4ad16dbbe3,1565.25,1,0
74edca69690255baf4d673be52a4d2fa57aa3d3fa18c1b6ff5a185203c5a4fb0,1335.17,1,0
c4926d40d0d8256d2e2aa0c8fd48c9cd2c15e9858d9f0390aa8cf2218596c196,2012.83,1,0
06720083f07db8e23fdaba33de06132b72f0c964b130046e7de2190241ff8a10,262.34,1,0
e140f35a3a097ed3af6e3889f2eb31af072ad04f2f89f6752bde2487571fb23b,111.49,1,0
8d7919a719e008358a279463774096b1fa66fd293fb0db8169c902a22ae631cc,1358.43,0,0
2ceed341986f133bc70181b52035914f7dae455b34474c7cfa96d14b27fa43a2,644.65,0,0
36772ec5370f321b14e3ae3dcfb4255ddb5daacd1d76aea54e60b39301185be9,1425.67,1,0
cb745b4ce33e509b09a952e9baae1f18aa6ced6834c1b25af4f84c4cdb0a96cb,665.52,1,0
542063fce4dfc589a0df6a923c6c4d8876c9f96291baff4ad15cac2f8f3c31f3,322.87,1,0
db89e58fe6f2e5ecc8a5f379f31198779e4a44092d06d6dc9f6487d794fd2631,480.92,1,0
f30a0c87f14acb2317f107fb9f91108758147e5f9cffbadfefa56d1cd19c4d48,1127.63,1,0
472d6a1f9ecf3e41c1d280ba96fa297c8ef6c71084ed43adb171b176213f3439,1333.59,1,0
9940fba4854206d9f287b3535483863c62f734ad7e95e8ec2238b04789bd7f13,3526.92,1,0
b19c0bc2b86743c3741a85693263bce661f1e9ecd4044e169036a5ab7718011c,1143.7,0,0
9d62e2cf5d6943cf823ca2c5e2f83de321b031281494b28d922b1cf3cf60679d,674.23,1,0
2a320fcb1cee5688d68d20678e54ea05981701ba73792eaf69d1754e46d62b8d,137.43,0,0
5a93db45fca963f0df0a5836e90af83bab15677a47658a9434935a7bcc94e387,700.84,0,0
721650228f42adb4b4f8a7f2bc2d795d88e9066d6ec5e18e85b4cc9baf43ab12,527.07,1,0
68cc4c6244aac01d994131cc2752b993ca25fc6fd30d2298262ade223174599c,295.17,1,0
e71b181f3a03574d3e053bae57d3b3c238623f403bf9fdc95d4b39db73dd517e,962.51,1,0
f589dfc59c1b21f2882609b52b4e0c73496446b8eb310a59b892e8b4a170065d,2253.93,0,0
6bad77f02b3ed044d51035bc510892459eaca3644d67b8b6e559aff6c900757a,1101.12,0,0
77c0a971ed4e3ce728e3d8a44557dcd8a2778e39bd26e2b085c9dd64c7517bb0,857.68,1,0
a1eb7b975c074f1caecf77e8824acd780f5f39c7e411f6a25948a4bc7e2b2ba8,1046.17,1,0
3925607edd3faf0620610d7448aa5fd14bcd32ec4075e438877e3141328aac3b,3246.16,1,0
45e0edca560f2b6333abcce1c2a5539a494a296aac6520ede6afce5d7642dd1c,1997.82,1,0
37403c2a24c83e761445899b61c80c95888d000a4bd0a53e9504a2fff599a2e8,1526.61,0,0
73038e0376b415e389b72278f83d20a35950044c541162550a2af6cd4e879bca,372.66,1,0
a85709cc83529db63259a55319e003a8932739e1c7024d1527ee80a0c5a2972d,317.34,1,0
64cc9015b063a9d8e5a5ea68518ee47c49a25919088c64e802b2d70d0557dd02,3155.44,1,0
7a05b287d98846100660a381324ce2671b6ad03052b991aab865a45c0751fef9,726.59,0,0
e5610bbc034bf93a492b86f5c98e60d287fc05deb521d26be78107dd19f4c906,540.3,1,0
f4b0ec91e1156d017bdc7c9ad95369353eef8dc1687654279cad712abc7757ed,1018.5,0,0
add4f7d10048fc68410376118a8f2d2e5224efbda8702fd6d36ccf91eeb29e99,1169.66,1,0
3704b1f4b99c2a78d4d5fbce7ba001cbaff08571e5dfa5d236459b36cd37e3ea,1463.12,1,0
1c921ac2b182289767f747132364362305173d63d5141d8d023df9cabd030ba5,584.93,1,0
e97359cff73a13c2c9270c9fec8d4bca3eda2b5f9293b4d28993a148816e8d6b,3022.37,0,0
906ec44495b2da614239fb1ac57ed1d9168ba1b5e2878a7d3208aee9d0f208d3,760.98,0,0
da34c0b31b62d3f9d29d642c4a1b10d7eff74db76866d84b80b1ba51a5cded35,376.24,1,0
e5c2106852c300f31bf004335761e64f648723c853e445229c1f61aa13bce7d0,227.56,1,0
436119f66356ea42b218af8ac9eb885d44fad9b0345141ac7ea06e1628b65331,4223.15,1,0
9209ba8a3fa8c3dbea19667bd80ca830e775e61da20c728fcd876384bb641870,630.81,1,0
2ceaf2443bf90618f016370531b5403b9f59639abf3334fdcdab8d06766a25f3,1213.78,1,0
637927f6c931ba6b3ed60064dfd7e7f1bd61e2dfbbe670037b664e6f58d77a4a,167.95,1,0
89be3bbc7e4ed8496ffa0c1f7a5d81023c5cc801065de045efe810320f281863,1313.04,1,0
0b90449e2d25eded752caef2f14750f4f1d013baca3e99f5a499223eda90de89,1080.53,0,0
5092bfdb722da13292c68bc96e39f17c5711deefb5a089823818cf174c43be87,1333.43,1,0
f78ad01a6940d738853881d9481098d6333771d6d808ab9597e73e3a7b06311e,2371.82,1,0
3969381d9fb8ddc42278240885f39916239c949f5387c606909ad9208ae2dd2d,1576.57,1,0
d7d77656906390fe65de36c35080a7f0cc0fff37e624e0a4b8c128a1f9b31c4d,502.48,1,0
627d7eeb405edf5ff917160417bc427e27f90a4557a0dac58b35fbd3c732e51d,2553.04,0,0
23d750ccb3e80c1283d4e137a019e680c621655424c8eece4f4be29b20630294,41.81,1,0
42585520679ad1437a771177b06fc4fd451ec96f1c02d3d153dc53e38d5b4353,1581.54,1,0
a575fd2ba5b9d73dc47514166a6ab84dd3a4fd5c55b4e848e4c229f53326f108,1819.98,1,0
caca42b337ff8a9aaa7423c1b7bffb886f015f02d64b63e3026e32767157abd9,780.73,1,0
3c570d581f3cd5be5c743842a077b16de9123e899bef7c69d235079a02239e5a,995.26,1,0
db38872420ede15fef8a1c84f1d0842cb67408b5b6bbd76cc3938a86734c6d60,3592.98,1,0
8df0aa362b28e2659113d51c4aa866e94ff61f6120a0b24771f6c17d838b79ba,506.58,1,0
16aeaad75a0c72e0618343c3667ea3edb82284bd7d8d7150b6bf2519a54619ee,700.25,1,0
aee396c29c791639108a14ed329970a9f5db666a724d03ba614c64e1ec8801db,654.03,0,0
5a143b73e5c46f011f01dc75c6f7a290e983743635c70abf80e163e0139e4ffd,1237.59,1,0
3ad08a4d0f116cf743602910f070b59983d1d70b5532060d075a6e968a0eb7c3,17.81,1,0
7c81460503f133abe3356ff98d3d9beb113a0bca2311f60d285e15d87efebfb5,65.72,1,0
2bffb51bfc0997b2b7dc13e06ffa2f2b09635d3ba9f0f65fd73ba4e378f5aa9f,124.4,1,0
95e0bae9bf6544389e93713d1442fb3f7054c0048f0649c4adff7e5a83ecb645,1777.18,0,0
915218c4199609afe4141671ff0fe0c21266e1b8f8c5f255f8fa5e4507026399,365.63,1,0
a6bdf8f9d2f584c2a871f67522bd553c27ce40c6b27965e898de9d24886b9f4d,950.09,1,0
97a650e2b80d474e2d8c04a99513e011850e24ac1544b8b60772013d14add370,806.43,1,0
da9bc37ed0fad600e3176e80de9e62cfec2515108fa2be5dc537adb227c3f77b,1547.14,1,0
ea7bc60452bd62976f45f0dc8d6a185f0d775b15d25848fd69f885423cd21292,1741.08,1,0
be3e51d0c70255769d0d4fa41339270343559521dfd1e2d17dfd8fe8e1cc395d,1710.43,1,0
cb418f5d10513fa77bef02b4429cbd4d09ecc18313527e7fc8612c60c9d2a49c,58.14,1,0
52356d8bf281db69aa4c740a86ad263c673803401aa8430adae3d6a47760a769,2210.32,1,0
842ca3c56f6f964db301a61aef7d9e9e2998844164cc41eb702b4b3cd25e1d8e,3032.01,0,0
c49a9b0de3c27828c0b97a2e4e0dd212717ddfc04ac3bfa9d386b3659d8ae59f,249.9,0,0
be78d2ecf305d99d7bc0525b3838727c300316f7c63562f676275977128649a3,1491.54,1,0
98bb467621add47d75aea2d09f8b9e61269bf96f44014c2c63b04d04dabc713a,536.42,1,0
44a3be84c7abc4db1521b4ee6d5d1b912542146916173edad529f1e8efbc07b6,623.02,1,0
3e3c9ecfb32d16de08d08b77bea95d741bebd0b4b67913efda44191930914176,1143.81,1,0
2b4e45b0996cd0f92437edfb599e91e8928e1986596b89c9380e3cea93da9bfe,2699.76,1,0
18865cf73f39ef42d4dc7906fc58642dca78ecc64ecea88bdd994ddb9f53f918,1948.87,0,0
f346291204c72cf018869aa2e16053f6786cfa686b21ef20501d12d0fccd42ba,3174.92,1,0
6ad5f546cd88de8cc9e265c1824e2db8185c9127e72e2bf63f669be210255c74,1004.04,0,0
f17cbee7e64a5cc1ab305dab8ce60c4d530a1d1987c0dddc8e6df750188fb088,68.93,1,0
8cce271eaf17974ac23985df90a135d268d9d6b86817acfc6659dc8a8636b377,2051.11,0,0
b3bbe9c5f20764acc07db9f2911571ffdf99d6b16d60ccfc77ef07151cf87651,447.65,1,0
f7c0fa4b7796d5a10e59a3ceb7085e4f2b5be9b234c40c29a905141f47a9a8f2,1020.16,1,0
e7eb7577c0f3d38cd3cf6248b12e82b2b33d465acbd41c19b5e2d25846ef43c6,2379.46,1,0
2193ecb5d9385837934e898c5c4cbf75c31f282da0956d5834c57d29d63c867d,707.35,1,0
f3be236c1c064c60d44d9c2ac63dd9f50427ad160350520cd51c0933b46abaf1,1960.75,1,0
811a54acc9a36066a4fa34dadb90fbe40bd81cbd7f78ed6bff0db43dba440b72,5745.56,1,1
c18d5aab47526d214f6fa8f3f78948d2af1a43feecb4649727a3957746cd04ee,6480.62,1,1
5cd21d7bc8e15f1a03770d51fc11bd94c19f3c1472f1fa8598b15819417c039b,351.58,1,0
fe7d2c23e34c6dd18fa920be2307745826ea72769fa04c5595ce0016664fdd42,291.64,0,0
e33b642e4c9c933c4ff97c965264ba0f2663e124463c4ae07fa6e6a8fa1e87b6,245.62,0,0
b616217164bff42d194f6e7f2de861d471ed4bbaea3bae7d65e44e85feaaca5a,628.41,1,0
860664823064ced05d323023a75e4506576fdca8ebc067bfd43ec7c5df67e678,2092.84,0,0
a44cabfe6d74aa4b70688927e7196491b67aec9686b8382422d186e38d262c12,577.16,1,0
ac53e0f3c542ed71651fbc8ffc9ec056b374960252a2c576eda0773a301d5bcd,243.02,0,0
6928f093c670b6107049a991f071f0c60d7a807ed04f45029ebe9c463c732591,679.99,1,0
9b885235a74ba544687ed596c42dea56e616d9f97210afe0fbf47be8c46883c4,2590.73,1,0
fc42395bb220f3ee7efd700234792f6a47d51b94a5a2907291f69bc3708d25e2,119.85,1,0
90c0a217e354c15a987e5e12f610c35ec5a893de0e5cc5b13995ba8b27e82f6e,488.58,0,0
b3e23ef38a35bc268e3657f928370199b5696d5d7cacdf45d845b137c1df57a7,508.74,1,0
d4fc4751c1d32543402ae3115e73d78d2e12759e62d27d144f9b7579991affdd,368.11,0,0
90f1b2009845808f531e2b9aa9b27f8e1e3d565bb08d1efef14c1092b4bee964,56.53,1,0
ef6bb16e600c50a499a716661602bac107c858aba0430160069fd50a8607f115,237.65,1,0
d554165fb4941258be778a655487171d38d5962094f5aabb85987cbaf417ac9d,2763.88,1,0
1b3c90bbdfdb612c6b012c8c2eb1a8732c763ab1537d33f9ef206178140ad8ea,274.82,1,0
129a73fdaf1d223da7ec6b887449edeb94d6e0686d3f34f49c1949dd5223a98e,14.97,1,0
8f2113419999aa16f29b5e8ad312b9fca5968c417e403054d234ccb766e40048,555.29,1,0
f562e68cc63c29d3ff8dd0a00a06fd23349580c4f107168469e6f0921c2ed52f,971.2,1,0
50ded9da4a0ffdf790dfeb600b06b1c58808d74e35e0278dbb852f5af0e55fc5,447.97,1,0
34883e8dc52d263a5e467f661bfd4ad57825a3b506ddff120668ff622ebceabe,3193.07,1,0
ca11f95a50c92f9ccd4b8f547016ac5c0fd9236cbaaeb99f884e3127d5b0c325,164.84,1,0
df579740b1650c5968f9c0ab8a85b41f4ad2c475497be865bb65d9ae1f28ddca,3024.99,0,0
7753fa10035b1a789528a84fa720cf99a827ba112f769e8430693da50cb46930,651.2,1,0
41c144ffc8e7fa8ff38d2077199dc3c9f2a336fa4c3ec5960408704c6f111281,1647.31,0,0
bd545392ddb672e861c3c5a9d4c965690f6a3688c3fada184863322503e63990,1002.21,1,0
ff835b4b99c01c331c56085e9d525fca203b5c3421a293cdcff57164968ef9c3,197.63,1,0
4a25e0b1656756b0fea81b4da0dd36a4b3c209e2882b78e5ac63c0bdf02708ee,37.87,1,0
ce20559cd872530d635f7347743ba759f313a9b329e05034e3f4a45b442800be,2930.26,1,0
22ddf63fd9217c8dcd01cc82792086573518fc29da25fb3050b2cd3038318676,2208.9,0,0
a8942211a5e0866e7a5d3e7c5a3a8057464435187414bce49d81f1b74a27d72e,1313.17,1,0
4589e2bf86d4496bce85427aac34271620ad92d948e39ab5d46907f056509abd,613.87,1,0
d8efcdbf1019b6f5729dc10a039b3b3c3291a4e22de59f525d39b67ba396a2fe,544.72,1,0
7152ce070961d5fa8dd99d57d761ab37c19625d781690863b82302da4e327480,1827.67,1,0
677ce416f4a0c28871debb919bd9eb88d8c0258bc187f4ba7040198e4e0f6047,661.26,1,0
db84da89484e812ce85995b3853f16c1db8084a8c7d57bac121e83bae9e831e9,514.94,0,0
ee237958769ceee47275763b7d0909960315a63359bcd3a99624bfc3e40b63b8,478.64,1,0
67f27392befc47a150f7d100ac32eafa45f45550aed5e63602e6e7b3271d7924,2927.36,1,0
3bf04a422e6e6a2b137f6297981db54c5259220ba6c5c2f3b5250d7a240506fa,1058.04,1,0
b825492a8747dba27108843dcc98aa661b1e137e59e830476fe439ebad11e8d1,185.53,1,0
57e298d230315e3f681ed3e0fe03af27bf5fd940f79ae5ecca0c96f21bfeac32,1344.12,0,0
981199db315ba869ad908266ba3ce6ebd31fe3424b061510b83fef71ec72a057,478.37,1,0
a2d14436558f10eb8af6b477be5001fb6fb9917489eec71932ab1df30be6f1e0,1643.89,0,0
c700fb1b3b44a820dc776d4b5764b58c3bf88a18f0ab116b9c00d49c1547e83e,466.17,1,0
23664162ae71692064116276da6fdad99b50508eff322ac5a59b6ea5cb93c6f7,231.79,1,0
74b2956e8b2e977c783bcffff2e33034281f03c2e735d68bdddd9fb4a10319fc,674.48,1,0
7d77630f9c09f24aff8427abec4a05ef41c601911dee3ed2fa0437223605baaa,213.59,1,0
6c00b6609373b72ea7450a41344462b57b9c8c3c129efc6ffaa1cc7f331095bf,203.66,1,0
6cf93fb09e440e48f94c0b773fe9f245dc47bb65ff0f2926b2984e78713a972c,357.75,0,0
f4bcff9b9e50802250d7fa81605e1de0a2ee688aaa6905d7d5f7d97ec1e1a85f,896.9,1,0
5c466a0f23660df11e9b1f2f09997b294aa41b08d94b5c5fc405d28107a6937a,685.41,1,0
f7d59b6935d26dd193c914d6ba7e6fc0a349288b3984d06fde9453f138f459fd,2484.73,0,0
60d462811c018b96a9e80966522e6ab8497647fd11d5798ef9fc2ce576606f7d,1040.91,0,0
ade0ed334e127352815946c1bb04e73e70e5338a4d5fb10c46226d2d18d3e573,139.8,1,0
7159dddffbad393866b8017e42b1a1797ef835ff97da9429fcadcf4c05508b54,1685.75,0,0
8e51bb6f585153ac45feecc7d1f7b07fb2b1b368fc8c95399793684c85862db2,239.31,0,0
1a898cd6f3bc861399c583a66822561b259189b8da6f2de9cfc45cf3647242a0,42.61,1,0
34b0d363f82ebfab07fcc026c82ae25cb818baccf7952447b24909b6a8bd474b,430.18,1,0
9c557611b9e689baa60f9fbbb0bd1924adbd3c2097ffa5ba2084397ec8e65e40,1195.13,1,0
aaa4aa9161d58ad1aede855172bbcdcb3c327170128c6f333c954bde0f23e15b,305.51,1,0
19299aa3d3b6ddcafc2a54be8915dcf7ee4dfd64cf6d48c31b2d136639296b09,385.42,1,0
77e0e32f1c289008f3f6186436c219e15862ff856546a3ccad6caba70bc21a29,3167.87,0,0
befd441350d7fc61ce23468b4b8c3c87da1770c99a7e8cea6fb65bcc6399147c,4137.28,1,0
eb739ef80d985a8a3dfccf1053bb8f616c1d21ee7192e5aa757ef38cb7e3ea65,1011.87,1,0
c4f428703b12ef9b71582132e96ebb7ede3ea16a0e0f1fbf2dbf8e29fca07f61,1397.99,1,0
2d36d6ef7ba2288a9c8952e66f4ba6ab8333d9d06ca7483d0de5068d63be68f0,3276.63,1,0
93f550353c107b78999f43c3b1481e8de93aa5996c6ee9aa08507fea94cc9ef7,1743.32,1,0
d67b0f9fae565713888781079bcfe0766f06d4a6797239701b957df3102686b3,248.77,1,0
9b69e1afd44027df1b23c576632ec8e0e9122fec67f744c9ec4a2406db198826,271.95,1,0
6b6a8299ebdb379702bd25b991164d35bb0af93de5d877d49577023fdd3ff90b,372.08,0,0
c3d56128d4b3931abc122ac66f7aef14915eeaf07fbc5bfdba7bbd626ad94fc4,3937.8,1,0
928a55e0991536d35e7ae1c65062aca70351dd34406468f37fd4ddfb76446654,1018.38,0,0
305f0a99ac8e3a804e74528de61296949b280729c610e532a59b1b92dbec71f8,2353.02,1,0
f95d3bfb6cea497dae786e57a063e3f98ec1fec9d32997db5ab108d7ddc3026d,13.79,1,0
6f7f1ea0b2d0283c9dc85203439d3b0122356f27da3c34dad9d02959eda280fe,1455.44,1,0
4ab1bc16e208d5614dd6a9324484cf6a6eb328bcab4ae372f1174de0f8c8cf24,4.41,1,0
d31c82cb503f5adc5448124d24115a8b80045ab0b873a568029e91d501325269,44.25,1,0
99302896ad9f9b2f1bbae4bc65bafbf79c939a27f65dc1fc9f7e20227673d398,4.88,1,0
79f146ff298fff086c2723104d56da6c8a0bc8096eb578bd6f5e708757d58af5,231.87,0,0
6ee6113a85977bddbf3b7388250ceb6d0167155bed75b6d4467f77e385218a31,399.68,0,0
2bc3e3cf433f9ac9890627dc85a85a73aa8adf2838c119e682b553c71d4f3bbf,3210.04,1,0
18ad4131833656f5c07ccf9a43c3a4be63dc955baf34ef0f8d4621981d09c0a7,2395.6,0,0
928dffee8e4495eb1bebbde2ddca690fbad2cb2ae9b51e3aa6598805d698c2db,878.31,0,0
07d19ea2e654cd8e9224604776549a868dfe6ac33b836ee8a1975811be2c5b5d,1668.68,1,0
0e90ce64f112ae911d4789199d4c42bc56ab5428ebfb9049c3b9ea79e5f0a623,32.66,1,0
4a64688bf56636c44f7fd6dec72b9c811623a53700eaa048761b7f143ab71083,1410.87,1,0
e42388dd96dce1ebfb1af869b85ce8aab83c466eeb4939a7e63ec1ad052fc7bc,87.98,1,0
3a0b651869f0307ed3a0984956812567865baccc6a117ddc6728c7ebc760a878,194.01,1,0
c1c7d2eac9bc727efe535625f7b5ddf9e09ba1f7bf20c8a53e10ef3a66a5f17e,2656.21,1,0
756e946ae051c472fef19525a82e9cfb9dc76c98ecf861cc454cfd8b1f2e1edb,301.3,1,0
923968d7d85fd6ba55e6532e8cd4a0f825db5bd235c272bde1fa1225721b2c3c,1588.81,1,0
6e01bb0ba163fcc13e5dc0c321628ef6ef744675523832c25772a249f72caafc,754.13,1,0
dcae2d6692108a5cb201f5ebc72682716762f2b02c1a33e9116fa51dfccf35ca,1208.77,1,0
eb17818e8c51fc5b43ae4cd0a82f237df923964e4fa11b5f78664fae4e862e25,1173.16,1,0
0cfacaf40083baa9f407286abf032200312479ca1e1216dc0bb8e624bd323b9c,646.98,1,0
1367da6e872fc4466b96a6839799bcaf3e36a51d2fa1f0cc1d27fcc5078382e0,1268.92,1,0
4c5953669a9294dc0b0c39ae41a3f06a9f95b339377a407297ddfb6827a481e0,297.25,1,0
dc5fcc256e9223998f4bc40ce879708cb14cf469f218e283d95edf45e0291714,388.41,1,0
693d3a5c016028da300115b033d174c5688d8ef3a64f588d69251fece37087fa,1604.24,1,0
564623f753572c490fcf347107f33f17271657ff7e8b91a092a022145e3b32f1,52.05,0,0
0ed3347ae491d3c1fea54d3bff25dfacea9a56afce5b5e494f9af90ed863b354,306.18,1,0
696ef0fc54a4e33e18eee06b03625998926444f0d44dc6684a2d94db734cf6d0,233.16,0,0
1a863988409e75533ee2f24899e6daf835c7d8f8181db1dfb96c752f93a8e870,251.63,1,0
2e06eedadc4232346810823f6f5484fb985f9708fca74efc115d51a65dcc948a,1084.36,1,0
2250a0255c6ea989f04c23ba6b99fe2adbf834e4ce6fc185f8eedc7865dffc08,131.29,1,0
960db13f98e9bdb7807fee174175319449f702a6f52e508dce18a5758507bfd5,500.66,1,0
97431ddba0b2b4aafbc8941291687d33bfe1ab8697a35b3ca7b990716f958616,948.29,0,0
dfd9fd1671caf3cf42e1dbd47d2b10a7ef6e134bdd077ceead9f94714341cc04,386.69,1,0
07c6f0992463c2c40def19aabf575b3601e82c8be39c55c35225b10ffe0dd92c,379.41,1,0
9fd708d6488fde2661345c0bf911b5a9c88dfa64f37edec8e7e6e5402300ebfc,932.22,1,0
49ba74c21f3688a24fcc6a58eac36d190e3fb23eb9f9b45356be940d34110a66,1790.95,1,0
b7b95bccacf81ac23d9c4d3110037246cdbc5cc02b3bfab6c8f8e2dc5174848a,539.33,1,0
6b5a23370f30e1075199fcecbb27b2ca4559ed8a1b58a6d4c19d4f59c3b68eb6,49.49,0,0
068102e1ef995f136ee2348555164c53219834f2f26548279717a36e041415e4,2159.75,1,0
18cff881872419742cbe37136063e4626a3c9010fe398e1152f7da6db03db12f,2032.43,1,0
0cbf98ba95e9abddca685be9efb2bb18c7a663aeed9572908e2cb6a6aafcc847,458.12,1,0
93b0e624b68253e192e0e79944a8c7d83df3f524f74ad06c6a74c2e6d72cf51e,1007.37,1,0
c317b15b050d3546a98e09ed4181516e87151914ec0cfd668291ab1b2ad82fcf,605.33,1,0
63c56a4f0439dfd23c4b5d6384a34c35b33c6e12f61e64f71a9919d6b902f98a,1244.09,1,0
47a79fbaf0f7d9689af79a4eff8f00b4770e54997b217ad9cde094eaa07aabb8,138.87,1,0
c3903e235ae943f50c84896ddf38ce386c9ffe12bc75194095858d593de3774e,91.47,1,0
88a1ad59737f5eb185c91ce1a8e312bdd84153773430d6cb389f4ae952da4856,3139.57,1,0
1fbe049761c1deeac82fe0df14dc5a476a9d096bc7e5110819db48c5227d522b,2095.89,1,0
e882bfee034a56b5b0b2c3187735ed5f852e8f45b046405248c119313d9c164b,169.72,0,0
e76cc2e6ace464b19a3ca8026c12fae9ad8a74c13361f13fd256be1c8807763e,165.9,1,0
0754243bc1aa57b862156e712b55ea07be1ea8380c1e95921a14c1716586fd1d,471.28,1,0
ab20aa26978f5abaeb378e2b40b25a9bc1e8abe5064ce3c41cc3d0fcf06ba66d,134.45,0,0
d80d30d6a45040bb471b822d5e7f0b6184274d01fddc3a5a9378dc4f120cd101,2078.51,1,0
653e89c3e1e76b31ba5ed5d0e64ac7d34e6bd2b2ee3e4963776a97292a59990f,2397.49,1,0
c67e352701f5bf7ee9151950a772a984d2bf3ce381be16e5a61550bd246a5806,55.76,1,0
e69bc10a29a4d7e67fff04ed09088b52aa47dc33a5d1aa6345054e88f6068e54,2669.8,1,0
4bd161455e39db117bfc22e5729bb2dbd74782de8710ada9796220fa2d28d2e9,2101.52,1,0
ccc191adabe5215dafcf2fe6c82cabf12943d038e694b335ac5dc78e3ee3c078,1763.42,1,0
b4e828a2658ab30a722da63fabc398b59629b1f550cd4b3e2c994e987d9ee788,1081.74,1,0
14d87fa46de5e1c280a97e67fd96c6f0faa3bb8fc919f054825c0d8c573e59d7,147.21,1,0
62823c048b251522709dd1aebc155d041e649e119332562fbb21fb3f817ba270,523.11,0,0
0fa69faa7fadf3327fb5aa300e1d591b8bf9aa61bd2d6d36f253e97921587b9e,2829.12,1,0
c77629ea296f7266c3678c5a0367e5d4e65e1efb20985743b5d54f13c0c71fe7,380.02,1,0
0be72d450e82884c0f439ad27deacac8424fc1de97684515cb35861f9599890d,156.93,1,0
e660e901bacda39c26716e910185dff4ee60b2d2b0960dda629d6412918a373c,184.02,1,0
47bf36e118a833f57216a1d61ef846ebc56313d6b830e08a62a63cd7493536a1,751.79,1,0
c86f021bcdd8e26911a0905585bd4c8cfa7c8a195ce19cc900caac984e35d6ff,19.43,0,0
e31c09749e4ce9f0e117269d29366be59c55241eaf7df5bddf4e15b3351bfd27,1131.24,1,0
ea74f37d7ea8f0423aeea4988ef217ee47819ab17eb02c54b5d6c70b161d8665,115.81,0,0
160d358432891609e9c08098d5a22ca7392653d402605e812cc8f48d80f2941d,466.76,0,0
b322030bc9b190238907bbe35af5fdde813afa92c0fa55ebd11dd2932984982a,145.05,0,0
699ef0de1bed3d35ecc869b019ff5d250ebf1e70c1ba43e88fb0507a790133b5,1104.99,1,0
04995877cbef543f557c09f8e8225cc9cd417384a6c2e25fc5c4d2c5646d3c00,276.58,0,0
cc32a3d147d806de5d581bbce309feceac4b0a17c720f48b4c81f23bada8b088,1217.27,1,0
3974159a5d3de231b540ad244bba11ce1bbbf39f4a2a391e65d5f50f549d670d,989.61,1,0
8800f8129a27de182f7c824e1f38093a1a88e9ec912901d74d1044f2e7b67a06,423.02,1,0
82a418248e64feb919f413e3befe562c5d86dbf2449e8d8d5e85c83619d03a23,46.18,1,0
caf9caa838b6b64ba8f15c01aa9a7bc34c6ab6784a702b67bfe341045df94d1a,7445.11,1,1
09870f44fde310a7b64ce92fb3b3d5865ff4022c37f62e76ddf5fb24773165f8,1028.7,0,0
dd6b1353e452d0da042535179626b929bc932b57220dca375b8f511f3f3a23cd,7.05,1,0
fde62b86519074c71d5a8c68e2114335172a5a6b25794a3509f85dcc3fb95c06,1375.87,1,0
954e388be5c412e1f0786e5a4ab562531f5c5c65513268a330f913c3c01240fe,483.45,1,0
6ad19c35b8226123489a83462ee6b755ed296d3814e5bd6ab53f08604b79658f,45.16,1,0
f55f2fd0b47387c8b4ba3d79bde8ff2aa38e0c2a592d1486b51756f1a865d1cc,239.4,1,0
adcdfd4d355ba78baee4bc3f35211483c2ef9b9493beae2944356e5818255279,2296.71,1,0
59ce64810a4d26d932cdb3e6a9af3ea46cc58ed7f1f6fe963a9be79d32b0bcb6,219.98,0,0
5275c08857209baec7786112ac65fb58eefe16ca0870e0155103258efcb3e34b,95.57,1,0
c7cfad334fde5afbbd7963cead5ade2279e62aadd859cd2b19d22da5325f2304,236.3,1,0
b6196423822c8bd2c769c58126ae8942d22a8adc7fb356a2f1ed87b3e6789f6b,4966.89,1,0
ca198039ca6cddc730190d62a6137d261288b3c4cd1e2d199a7979382f416b36,992.74,0,0
e2e0361ae9161b07ae3050f1cfd1505126688e03d0cd6d878880749dbadcdfdf,837.04,1,0
6ff64387f2a5d4838031bbfcd11a974c973905f026461668a6a970341fca2019,777.92,1,0
19f966955ef338bf292bea3112f8b755a3e72ed5c515ce9ac0153c30eeed138e,1947.11,1,0
297cd5d165b9e4a7336917cd29ef824f88e5cd02cd42c83ef4b02ae76952bb6f,763.15,0,0
97fbe647140159b893bb2fbd3ac75d77027458aaeb1916a81bd79260a7867769,1095.88,1,0
ea461f196e54af764b4c4ed151a4e396aebe1920a0902416e47a2d7a44de89fd,1618.16,0,0
1e8e8c895467266ea1829cb5f7f1c745b6353c2b12a60adc1e1dd80d6a75660f,3033.63,1,0
b5e79b2a76335c4c6deb49c1432325aa73bc2f06b18f35ca0f7bfc65fc1e4b16,38.66,1,0
f266bbedd9616d65ab7da3225fe9d636fc1d0b7f20fc627aec61ad7150491dcf,313.97,1,0
384ba905d18a5d1190ee50da5230c7660949573292b603abbbd0bb2f39a09000,1452.26,1,0
31fa2b7bfc925d6295ae8ad7dae901ebc2d9c761e4ee5c7964207a7aeb5ab178,862.03,1,0
e7727fd430e626319c90298590309c77494289a60e44f541fdd1409eb225c0a9,461.22,1,0
1db0934baece52aa0a1b92defbef7f531c290625f727bf443d6698f7f5fb50c4,1144.39,1,0
ae163a4daf6819253e8033e5c3a8e6c7782945f2fd42324a4f4b10a2c24c20b1,959.53,1,0
d63bcdf40e84a8afa30043034d2ff02f2a0390ab9fc0e9a5e90bb499cf4fe598,386.18,1,0
070db4680f64e535a6054dcd2e0a889582f24891ee6879d71853eb2804f9ce82,1295.02,0,0
be0afeca6b83e235805c201a2ab1f5be7c9d173ede8cb4088cb6099eea58e004,253.26,1,0
afba3c4e7065c205a3d5b1a90cd289803e0f1f17674f17f103d02f7f6ab66c80,1965.99,1,0
5d6319f35da995409e4e7c63d6097a2cf7473d3a31852ed971982f1ad5d97c79,28.33,1,0
ea1721e7ff29d2d137d65db36fef813058870b3390112606c1ddba762cae04b7,969.08,1,0
699da4f2057794b72be709f7a03e9561937a8563a059dd038907ac3cdff088a6,1056.53,0,0
553f27f6512d622a8a04ee1e952f478aff50ef8e84d78b6b7a9b728c4fcbcee5,1076.5,1,0
eda96db1cdd420989c15ee9c36188fffa7b0cc6ef2b7545f103ef13a1ff9c225,1614.67,1,0
e0c2e7ccad1faeecc9da2ce885405fba237b4235fb43837947302c5248d04a1e,411.05,1,0
88ec54ee8f386b7e365045d98f17ecfc43c01151c3e8e10e4a7c3fc3477d1d10,9.44,1,0
71748cd161eea53e6aaf289f450ae7d3164dbc5cfb53404b8edeb145346c4240,1907.73,0,0
977f2ae5670ad757952ca0f2607e27f92939b54af6ba2d47630c01d62d17bf15,1594.79,1,0
058a6caf8a764df860deae3a950de701a71e4bd127cca8706a6bbfbf597dbca6,718.59,1,0
30952dadb15688bf434b82ed99f8350c35dadd93be851c9b1fd488f50272d157,2047.96,1,0
c700ee8dfe3502fe8fab4b71363a4aeed8daf8c51d698b33ea678904813dd92b,519.37,1,0
2d1abc6ff8bab981a333e6f127faf240531e55a8ee9ded6d7ea50fa4f1558017,1859.22,0,0
08e5adc12e46bc9b78f95de0574c4ed3dd1866fe8e8666e7dbb9e4bea4b84c1a,1293.82,0,0
cfd3becd5a44b3065c386fcc4574b217d8cfc1b01f1debeb116d4c5a195d6014,993.12,1,0
eecc5d4b4627863967b804e3e49b7482d889ffe69901f8fab74b717685879286,4041.54,1,0
d6bc0a37703111ad5be696f276d082369134e7e1f06ea45fcc64f413ab3426ad,3955.89,1,0
4b933d582753294e0e42b66ba5481d14cdccfca7121548d65df3ae95e0becbc3,2017.55,0,0
226a4529beb9aa3f1a216ccbd5e72b816c72e01e13ba18e2ad8fb7a17b16dc4a,449.69,1,0
0ec5eac8e2caeb6e211a1fece050af1085d4e1edf4427930c2bdf2856c61c97d,16.68,1,0
19dc95decef236db28c8d53fcbd77e475bc674459a7ddba302e5be4b3bceffa0,2125.67,1,0
e1cdee36241a9ca8fb02ee90804d1f651400418fdd2cda7d6e8ff5a14bcb17c2,41.97,1,0
eaa757821b03d86cc9e0edd8fc7386fa183a05ac3ac73ec59a2609007b6c6341,426.83,0,0
523c7c1f0dfd786503e76d9942a1e3521e01b1ba34c56d08a975d7b1510568eb,322.49,1,0
9d4cc2338f10d2936c63362ab958d8c2e55f907112dd4b6c408131f8c351e890,8011.81,1,0
34cc2049a6c7ac9a6ee8c8b65e925bd29148b189af04c1d3186c8691d879b737,256.12,1,0
69d107d369f08180d73d61b83be16ff7c4e4b40075042724c97845f1823863d2,327.79,0,0
97904a70b6043baf0aba5196f17d31e5f84e6939950d44778826c3ba1ef75e7e,439.24,1,0
66ca98b9e4d821e5b6330682b06c595e27d40b14a51efa235e506c0e89ed7193,84.71,1,0
cb46feb0c63e981cea9955c3394366e4013235fc677acbc84e4808606cc6a551,800.87,1,0
197014fee8cc677080268e9fc64c752a25a9cb9fe8fe107b3abe1d3288519789,72.63,1,0
6672cc7eaef02cc942e318af5c36b74415b42bf5024999b9de7525b260dc84fc,948.24,1,0
d07e177c67dc7450e144e36be6d3244664731ae21019818ed83c00d083a27652,70.99,1,0
ae1b7928fd7b932cf36fea1d6473671b1c29f391955d7107a44979ed85ab44a6,1997.85,1,0
b13117debb1630163db40313a00cd7fa76e740020a437e0e6392be94b9fb5591,3163.58,1,0
b7cc8553ca87a664ffe67d32daa3eb716bb4a2b714ed61894bc431e2d41a1fb5,479.39,1,0
756165fdf5de8fb493e11f5a692677fe39c1ae5fd158051ea1bd00807328cc99,928.12,1,0
4e1829903a6357a09d66acb2a6884c43d32031b76f81c25f2ee92a308eea0b80,515.65,1,0
876d11f6e88bea8a7ce1c040d42888530787d913adaa8d53d69556ee324275aa,1663.17,1,0
54953b37bd1aa08ee35cef60d3bedca73cd9fc07c50922d836ab2e40a6c54b2a,104.47,1,0
0b23b14b55d2113e62470a18178d4dde15593ca38a5bb5547d42817a42ada144,3353.57,1,0
2742a44d5ff625311c06c99e4e9306e640add6fc1c66080c3ae2c79432710fe0,2037.85,1,0
d235254ee931f53b78efedd2b0d7b07ba8ba7dfab8099d57c08e709d27f499f1,761.2,1,0
e4feccdd6583e3cf9e0cdf38ebcec4ec4513860cc47514f53233dfea879a45ec,1022.37,1,0
5aacede8272e40b54a02b99c8327510b1858c66bf258943f59cda486e33fc9ef,1635.32,0,0
19da132592e73500d54385bb05b24c603a337f3ef9c0591e6e4dd7a28c6c3c38,671.99,1,0
66d53928ecfadbe457b5dd41b6b7fc9285be0e954e2d83ab621fc7eac1a81588,366.85,1,0
3ada005e5cd8c7bdcf8fb409d2a53f3223aa6ccdd58b522edf4a28dfe4722ced,197.74,1,0
883630ce35823d798e5e010734272daab26c8426f0b849a0978a136820e7b325,1324.15,0,0
fc08cc27e3b08008f6fe6762cdd463e49401919dd123d98a4ce03ee8392d2318,1186.02,1,0
72536948d034adf29b1c4e93fa0db30fa1a1078ed2bc3031fcfd2ac60b75dac6,748.59,1,0
e5f3266befe1e5974fd5065107a0f3729d7ffc8d2dd0ac8d832177a072d12a0f,2548.06,1,0
2b95c6b0c3e59a66f634e6c25af2352b18576a9581bb89bb609aabbeac68b97e,316.23,1,0
6fd4c49dd80d310382d4a21fdd33405163565f6d3f46b7b5497c5570c96c63a9,351.16,1,0
99d6dde705c0abf71df3339ede23813e20031ef1431ffb9b08f562dd87edd811,354.09,1,0
153f55add534d3a2543d2a7b1b8a1946d020ccd6b5c290ea476046af47f7d30d,429.86,1,0
0237e306f8d423eff877b3a21ce7c56abd92dea1081733417d84dcddb35c2f7c,1192.66,1,0
ced8672fa32d8c122690a4664ef9505d9cdc5944285ce94456931eb50d1b1562,141.1,0,0
60d29667847e0296482911879ad90220cf8a5e4d3ffd31935c94fc3afd5004ce,1032.75,1,0
475025afdf1542c82ce6d81550c397b0186f084a409e1fb5df0ddcc8d52c041c,1197.58,1,0
bb679cd0d5ccd0cdc7590cc7bde1162e5351a3b9496e10c78fdafec78e9d98a6,10.86,1,0
e7747e4d9b68721080ea33d376e782f7c54c4c6ca343fc191fefc851003189c6,247.12,1,0
aaa07c58c23c4aba976678b355bb34634b0af6be9ff51c8a4c83c05d7ef0d30d,26.39,1,0
1db4db1107cfdd91d10033abc62024d88c3a73d282aff920b1cdc7bc4a73ee72,333.53,1,0
b9524e697d0dc6285448dd781e3110b05efae7cffe4cce3e7a89a24252f048ae,126.91,0,0
9dc1440122850a4aecaac37373c4a597eabc4a01913e5537480bac430756e115,328.81,1,0
ffcf2492eaf7fa75442531a353badadc26fd524d5bc6ae37ce871481af6cccca,884.41,1,0
cef28ca4f632b92089edf4de9af9e9755279f8d7efe5d947038a1fb1e1fa2b3e,28.64,0,0
7546ad4f3ca2f26cd830a06c92848aaa9c4c04fca66ac5ad6e454316f70e97d4,31.55,1,0
b40eaeade134c5be60fd06becee4bfd56b4f7865868b80a39fe5ce8225a4c6d1,986.21,1,0
dedaac0e5d1113a548f1a83ea7d2b02d056c1fc0932476a8c59824f1a77717f5,953.55,1,0
b50ab17136a17a59bf65631214713f0a8a822113aac0d3b9dc0fc0a4c22a540a,357.64,0,0
cff3b6f50628384c040dc625cb51340a0842212c1f9db26adbc2a05358b71883,442.27,1,0
a0f2cb7e29f1cbeb4e52d34c9da33e2cb3c4c5031795d78098757b266773e1ca,820.06,1,0
7563e36c948cf1ef44de951d6803bf5f19acce4633f76ecb55358bc51f45347f,523.5,0,0
4bcb9d3f68e5fb31c9c5488a890f27b201cd8621054253520e479c696998715c,131.82,1,0
16ce38a3a316d2ae910cbbd4318b5b191954784ddcba7586e327e660871fc2cc,3952.05,1,0
5227035e49e5d6ead13b40438b5da9d794097b52f93da3652467b524d2425375,2564.36,1,0
6e300747db56a0a052f7fe301ae7bdebd4f926ca4f4736116713685626445f08,1872.13,1,0
453e3a59ad5d971555da382f823b1a5f0ff39471d51dc824099dd8506e1c1df9,20.42,1,0
883501915361d1c013eda8a52fbc45a7ced401776cc95b6ef92cbc69986048c8,96.89,1,0
4c81207537119d4fc2effd7e027892797e1916cf11621932532b6a1ddfefc6cd,100.93,0,0
599f50174a113e41ced0b8cc63223ea22b0c203fb0a71834adaded78b1e8bdf2,897.27,1,0
4720e759a666a081da2de8857481f3e97817af184416e168fb0880d7bfe1f123,996.87,1,0
f808add4405733796511acd298a521bdc16e29f0fe83dd1e1ad1f84cd07a911e,1440.62,1,0
6b21dded14570222496675cefddc298a40a334951320bee4471561ed014d49d1,1291.65,0,0
f73d4c212d4eef92830d4ad03d8fcccb7344e733fd98f8c6695e726fa4e956a5,1351.73,1,0
4f9c65cfc9d99bd6e1ee57f3c7a6a5e5524ac3ac83fdc34e3b632b55228ad430,110.41,1,0
9b3f0ea2cb600c50f6fe7d994631f8761674328e632bc6c2324aef588554a4b5,798.32,0,0
183f192a1abbf482d0233cfa7e869598affc939f96ca2079716ee3938ad4f591,1267.45,0,0
dc17a4964ea647efaf46e41f8d908557d942d042034089fcac781ea9e056db2b,312.44,1,0
b5766a1294813c03519a6278fdb40e5148800706e11f80a1ea258ffeff62148e,328.01,1,0
d5fced436f6d2d7fb5e2fd8445ae5244a92ba7d4487f57e82148e1fb8c861f36,440.51,1,0
911fa08178d233e977879c5422c6be5db61f0d2eb81027aa97e5f6517ddd9596,561.37,1,0
caf6ff56e3c4987a250a02cc2f4aaa02869bc6064860087bac18862db0a5dffc,218.98,1,0
106a9dfaab99532b20565222098ea1c172b264e927b453add189456879390ea6,190.31,1,0
ed130f66e6c52e83190ad37b6d177c927fafe6f2bd672fe0126b7854848f65ef,60.98,1,0
59a9115caf774cad246544aef8e1e9c698a10e6c03f38f8aeb918a8306b99fc5,1995.35,0,0
dd4db0bb6233d94f3df5e44e7c988c374ff95e125e76506d6000105140661e3b,683.64,1,0
f6eaba0081fd99268bb88a154bb21a8bf88ad228df5883734542cc567e522a19,307.25,1,0
1505fd4593179136777953230345a959bd6da544a91c350275a3e18ff4951d09,14.74,1,0
3e59ed83047a86009d8241b3f9c3bba49e9fe6c0704dc3c897c08aba83deaf8d,1010.31,1,0
c5024378c44d2d35819c00fde20210b510daaab47ddcdd4948f1b22a5f0579e2,367.45,0,0
f0357d06688d7772a4ea93d205cef0c4d6042f0f9d84deca4c0df97db710533d,1045.7,1,0
571eeb3cb67b3e3882ec949fdc558a67598d9b3999d1c421d238d0cc255ff610,668.41,0,0
0bfa8ce692a86aaca7d567e4f204d3ec76a78d5f6ceaed4d56052901d68392be,2864.2,1,0
69bdfb6abe3ae1c04ff9690af4b9b788edcf57e4be57e76eeb225c36d91657af,978.79,1,0
b43b1e772670f2ed92425c7250bf880ad13852fab7cb391ce7589a445583b3e0,652.12,1,0
4e6ba1029cf6fa95f085f4269570538f9148f2321e60eaf82a43fef33ef01d6f,7666.33,0,1
86a9bf7b7be549a3ff81ea2afd1f70b239b921c8340d0c09cf69adb83897d4ec,1520.04,1,0
22fbc2edbfd573a7a72e55cdd40c99e112a686490291c0fd3370657f7bd617cf,80.65,1,0
525dd92cd3e933aa933242553318cf61f3e3ac6a37b52a08a680ea2c1264615c,104.74,0,0
4632cab2854619bddc9fd52eb9eb91ff6cb8a7b66d92538038a5634deb478507,637.46,1,0
27e9cd3d6bd13c4726cce7cb8c9e465f5fa5aca532a0f84ef9feb6645b43997c,1312.12,0,0
3feaf10fccbcf99163ac9efc1ae3c16f02fff6f9758c6c0de4a79c9c21c00360,834.62,1,0
15d3ecf9489d3beab1cd3e5eb18d3da4c45d8c434cea7c3ba09d69f98a2d3820,208.47,1,0
13136775677edbbdd56fea9676554e8c82bd3d692a232d851e0c5799f146d510,505.77,1,0
b74afbd51fd88de78ce880e15b1c87e864cabc85678e88ac4f584597cb735e46,153.48,0,0
e388551b201def8f6527e8054b80083898361bac546784fbaa2f5eb4f77730b3,188.93,1,0
1eed6b2921c818e9bf97e6d3c2c66e29888b5fc049c0919d198778e6df1004b1,126.66,1,0
9c2f4176e3c147ef8308b0764b069a707760aff9afa68012b8d99448b96a6a1e,1483.64,1,0
ff5cfddc54c63662dae1e73c0422f69a5c9fd496af9c259aa9fffaff4d57c755,1135.23,0,0
61149704df35b31736360aab24a2b5bf20ba8b6f65f6599d41848cdb97f4f845,610.3,0,0
d2b75d855f8a2b9df42f96d1da9379427ec47fc30976f7e5db4307a88ba6e3cc,5.39,1,0
12d3fa5c4294274753d984e309b260deaf8fdf682c00925066811c549c9cc5ae,1133.5,0,0
db77e58a1794bb33ac8a48b9250bfa5926b5b50c5c91ceeaebd35e4615e2adc0,2335.29,1,0
52ddaee7602da24e04d0088019641782df1cda6e0eed38d14ad9eeb8f5b8ccc9,2400.87,1,0
b77f68fc0b7c8c1a0ead16575cb91511c3bcf42e695292226af45b0197b48041,1512.07,1,0
6dbe6bdb74797212563d56aedd992b3bae05e764b50d21e9373ce930ccc560bf,1064.66,1,0
ba0c86f76d18669e2051f0a3376949025928e836ee5d0b9ab06cc1c83d301b93,14.12,1,0
83332b162adca2ab446aefc2a12758ff3e3d9440295a1d2013b95c40fff3454d,1756.97,1,0
c9b0b1c900e7a159bd4fb34bdb43fa0e7c0da980db49179959f407400fec19c7,1692.52,1,0
f569cd1e27e1440c6310bbb38564e2b29f48a5095c5e795d44af4b8a73679db3,764.34,1,0
828769ff05842619e36437df6ff8cecaca435ecdc3d39186bc133a69dab83a79,1960.6,1,0
ad0a6412a505e5dc588cf68910e1711503043e0e9d5f320573bd4cd04845c8fb,2759.61,0,0
a75a954e0ff7815adb65d904d2ea3662415bd0dedea5d4aa2ffa774960d03e1a,338.99,1,0
2bd1f28a78737a98dd9389570a955ffb0b5e936c84748163b2d14b8af9cf9abc,183.38,1,0
9f214237628e5435bdac324009c922a39db69ed7f7c36594b664d88b71604c78,656.53,1,0
95383a462f16a9acfe8841179e0e897373431e48f79e744c42794747a84e8019,304.75,1,0
ebc567f0adfdd33e25aac70755eec8bb1439010022c2aa02dfb4262a03668e85,410.5,1,0
77583c609063595bd0f95f9def05fdd0f3d4f1309fcee582c600cfaa0ca5a11a,1065.12,1,0
f655b66f30ce73f8ca785d9baac0d0b9e6865a230c536e88f856aca56ed5300b,889.95,1,0
b1ef8c265d753afcaa5b15e96aa936a907a5c98f772fdeb9142b18ee3936a695,291.66,1,0
e47b573f774d09eea5923ab3e38d42b9b65f56739113d840cce75265746740c0,783.87,1,0
fa9549aab49adc9928d0932fccabec996edddcbf93e20caa4eb19a844b30ed8a,376.85,1,0
cf1a7cde8731ca7545bec971e30391a0c32f08fe0c91610e4e4e0f4f415416a7,38.84,1,0
7490d2be991a724a4b1571afa8590baca7880b80865156e09a3b30be916f0ac4,1411.7,1,0
06126e5d2fcd3a03c28a7ff3b0d828b44d018eaefcd37019fa50411cd4880ad1,3485.78,0,0
771020941a2bc5f82e813b9ed0eae941bc8e76bbdcd0a8f66850b407b47a28b5,67.39,1,0
83bd51ad37578e014832aae07649b79c92796be1267e34247045b7accfcad35c,261.08,1,0
0f36e43bdec6d3dad348caabe0971a34e72105fc60731ebc92a56a377f23b478,302.18,1,0
4d59466362d2a3aada9316dc5577649b0555e63303595bd17d0a793ce232b7a3,2143.35,1,0
641bebfb1a8f39566a6987e9d63f6f015aea688af4c1b0775f38bb1dfddf463d,202.67,1,0
d91f70c44f8cff03fa26f978323e6c0665aadda553e9fa4e30531d09e77abaa3,71.04,1,0
638bed2d05df3f9784e806d6c7302713a3a5d82f83d130cea5fb2129af7cdb55,412.37,1,0
2ef3d31e90219731c95eac63413453b4e9542854b39c845159788368471ea5f4,1108.91,1,0
e1adab9e39a7e426c44ac087fda757564df2cb088a6cfecf9acceef4e96e9379,560.66,1,0
3c7068c36349372f1df2c986cfacbbd75a66be87409cf6a068677965fb7fa1ee,473.52,1,0
c28b52645137afacba97e8028b89670232814bf847e74d1e27c43a4c4ae57ddb,208.47,1,0
6da84807de14437723b6373b5dc0ae9792dd946890ca9fb43ca20f26fcfae0b1,3603.32,0,0
5606fb578134b780335853209cb0fa51892889ada956e4bdd2e2a758d9d53a7e,744.72,1,0
d9d79d78cf3b38a8f75730c41b5c967f6e7564851e961b4fede71f73676e467e,2108.03,1,0
aae8521ed39302ce524054d71d9dad2fe0d5d9f853fabd959025e9d07b227317,1107.72,1,0
4bde64339ac0b31635db5a2878c0be17ade6d2bfb4da1fb0ed9e3217c7bff6c8,150.55,1,0
95aca84b811a5f15d854796b87f580000c0be2deff27cd9cfc64823746b5b135,2355.99,1,0
2d454c05c7a68d6729c91b8b9c1fada7f74c469b5a0d44b4774f3c7875c7f895,705.48,1,0
ce1b38cc4369bdbafad53caa16891f8814ff83f2c7d2f4332ea9eb94cdc1f483,53.04,1,0
b598d3e5d35c3a7ebf52c6c988c3fb16278611c13a3090781ea5d8660ff46f86,761.32,1,0
d1c5592cd64b31dd68ba7b8ad90d0e288f2fd7c41ccdb8f64966c0f7c4d9144a,283.43,1,0
be1cc3e7e0468feaff9a5c2fd9c05b0c90ee0427ebfcc244e245bc37703927d7,1497.09,1,0
bfac447fe20ca6f553f7a7206ac8af865cec02a47ebf98aed959eae534ba2159,431.44,1,0
bbd2663b30bb4dd68e4290cac46aacb880d224dec1c545b3c510aa3aa21a3c3d,177.67,1,0
99bb4826e24e451c527901f036a9ae2a36f9fa6d05fe0c56fbb2e2708b91689a,3422.32,1,0
6d5e07e5b0106f05fa27c3ec8cb84c962db6b9f323963867f8c6487cbdd2bd8a,153.8,0,0
1a446b8797e571c8ad20cb920c6e1ba9809cb6fe16830e6fe90bffdb651945d3,1297.86,1,0
8ae7fafa1ba78784f8e52079d6fe4930ce8f478b4f6ce56c1d36d09d511671ee,1270.7,1,0
db21e379c652b9231a7b4a1493dd0b80e016760add5bd20dfc6d1a3f4349dbed,2297.66,1,0
8d2f4144dc26d964eefd4b1f05e6f9d7239cfd3d26db2720fbe049045530d450,525.51,1,0
7aecc8123568dd7f7a8afe135d485d4756218fed88f9ccd0eed5f562b04365ed,9.13,1,0
4a1dcb1de5fdd4b20bb5abcccc60d93215d35ebac62ef43da4e2449ceae1fbf2,470.07,1,0
b3c4d7295f5b2cd3539511e0272844305f4e5a6dcff53271f265038df2cd8318,345.26,1,0
d8d159783e57c4efcf8cfdba8268ed6e3d7b9c60eb1eeef14decbfc079239f7b,145.22,1,0
65774aed2eb729ecf8764244fdc2d295bfa7157e017490ec9ddd022fb8c3ab2b,1476.19,0,0
151097b8a7609fb2c4b33edfe2ff61ecaebca90c59ac03f07a1c4fdd27889b75,842.12,1,0
78684ce17e145f27f542a18b211a2ee0b3ef87dc4af0ca985145532feacd2780,7311.7,1,0
572825875aed8efc8a2930840357b2f7b7c35baaa1bf0422452ace89a57ca1f1,23.62,1,0
0e238853221a6304501b21aa9b063735968198fdf3b1da0c5699964cdeda2b42,365.86,1,0
b3147c1e27b3120f4012f92f532f1998895f77a187e05c99c47864a54bdebb51,2807.16,1,0
18ba09adb3d6535f9c148b12d3d536cdea93753f0efce6452b1ae554824023a6,151.7,1,0
b4e46dcaffe8b09d0640216bdd0369ca52cba64bcda5e395bdcf0049ccbeae10,1197.06,1,0
efcecc6b7517033901c57f528e38dfe30c0b42139bd8d2eef4a47a158bc951cf,671.0,1,0
92a38d47bb7e82ff21c882f5f4c9792cbab727f632e6a1466a1931d1f5ffb09f,160.26,1,0
4f9ad3cb515014181d404b7da8973ba563542070cdaa63a21f5a2396febb77ba,983.64,0,0
f8957f7e02791b4b6248c973bc997b40c749be5cd200e878c60471beabda6f6a,1766.88,1,0
526375589a29247ae63fd84acaeef24eea11666046ac95241196981bf700b7fb,804.51,1,0
d1b1224e031953ee6e95f0137f2abc3d18553e92fb901032c67dcbde9c133d5c,232.61,0,0
8956e3ba4ffedf7e4899f8207729e4ca15ddcfb912067888d3dd659f448efaed,330.33,1,0
45988445072e486c03cbc9ac2f6bb183361bf18d13d3af11bb678fc1aeb6d9b0,1496.15,1,0
6b157db9c68a29045476ec281700dcbe541b148c4f4898453758385d2c2a92d1,2222.79,0,0
fbcc68ece9cf1bb135fe9cb9ce4429a83e6055928ad8361b4a6207f55518c18f,1588.81,0,0
3abdb365f64e3ca48252e387d1fb89906ca2aaa321c56196e8ef2b7b0e756ae2,2750.92,1,0
b1c10d0613c198adc85635ba7ef35e105889d1e50e2fb17bbf22f84998229695,350.64,0,0
d3102c18e3cc5c2b9eab72f64caac11b9503eb464272236ce7806a25b4339635,322.64,1,0
6bf6c8587c75e37773213933a5e2bfedee27e97fc38721a94a1b6fcd77724e1f,449.3,1,0
b7de78c15cdda847688060c6f0510d1ff44867771cd95a30f9968c760dc81aaf,112.85,1,0
589c8e026d7cba267ff7dc2e14713875b390af986628445205727af5fcda9bde,152.95,1,0
12ebba3f0d28b79f9bf920ac24bcce9507026a06a89992ce6800329b37ffa9a7,712.86,1,0
dceb42625d135780da5abd207bafb3db2abba090ef7d2ee0243bca4a41e31a2a,123.43,1,0
51cd400c3b3c3103e8fa66f0fe71f39da3de2247dfe43bc87033944fee74e5a0,1696.27,0,0
5b67087f3b0a000a3375d1bfe18383c696b70290b5c836de1b75137e2a8df2bb,1309.53,1,0
1e92d1ce0f55a6cf87da29021a19686a9b2fb154c732fffd5cf67a47a143da42,70.88,1,0
50d9e808f540ef41afbbb76debc08ee7c0d55ad04fa730dd40a6df7b825101e9,959.92,1,0
a77477d8471aa5916b31bbf80774cdd392fc4498703df80eb2d3c422f70ba58d,448.03,1,0
409c2245dd6466e598fbfc1aa80326c1e52b92da51709350c6d8ca2bb2fe1ec9,1312.25,1,0
47297492a199415c7a43d763c54c1df1bab0655af23f842d10bca4b95d2444f6,962.41,1,0
55ca3031437e483a92957b75ff4def19c853893adf620f67228f4b3210c34da7,5679.6,1,0
e10fbf02841f327ef5970506fcbece4d422c7c31cb0e1b3fb3f6ffacc9f1e0be,2553.22,0,0
fb9f6d187888d147a2ef2d7cdc216374be64c0b2e2ac336f09039bbd7d201ed9,27.48,0,0
ad853929d554436c9a2e497915da1ad9ba58ec23d2cc3013d3483d9430e6cb30,798.11,1,0
a13173161864f4b398facf9efe9ad840b3910bc806e40d97d5a1918d603eb03e,289.24,1,0
e15c11506247f4779974315db9eac33d7b1b0b302154d515f6fe5dc25fd89ed3,942.28,1,0
62dd39587a5968adf8276713f153f157dd35228333ac42f72736a7767c82ec7f,77.37,1,0
c7e6a7dd4d21d37410b5cfd9fc0667a6b9e402786d4bdf4b457a67db5b1cb009,422.66,1,0
13cc53f561913c04b11603f56ff9825c938b53ffd21d156f5e28fa9adf87e75a,848.48,1,0
76f7ac8f711b59d0b7e20231dc5f209d34747af5217f94f61aae9a85bf974567,1032.4,1,0
dd07d4401260b4241693eb2a929454eeeb855edc48f2398396e75427e8498df2,151.79,1,0
bd47e434cc2a46261d640c267110b2f35b5aa59d07244fc5e416bdb837f8d344,338.47,1,0
a60fa9193c3e16cdcaeb16669e81fb75bd0facbc1e9bb4940c831943b6718aa4,997.74,1,0
4db1aad945476ffa3a87b1f6afb6a15e7fff8395485e1b154e611b3958be20ee,188.58,1,0
fa800d62b0894221f84845e3e98928bd99bc616e0e25f84e141c4840a46bdf39,265.66,1,0
19ab776914b3118e807fd585984d3adbcb525359195cb216e9cc8e22bdc64c16,360.49,1,0
7e4218bbf41e01181d5f22d74bc8d959680b6a6dfb5c946964c2ea90d4e189fc,2104.13,1,0
0e2ee0b85d4af90d6452c1fee4aed6a9030a1130f7bd7acba216c19a31b61b0a,16.04,1,0
7e2b1bd184d9442155daa77b3903a6b20a2f67dde17cef0285b4cf15fc78d8dd,1169.31,1,0
2aec805043ac1241cdaa0afaead53fa176b1099f08dbce209db1d7fca035cc6d,512.5,1,0
f4063ea1cd69ca672bf18bff6d60114153be2affe3f8bd28c2cc0ac5f203263e,1995.86,1,0
0825025a7714007b7ea92415cbf3cd941fcb7404621beb4987bd410e9d7d6f1b,771.77,1,0
0cead4d1684d56d07a7c084c6905f1cafec12a4aeff75fd12e45dd0e8b3f2e41,24.88,1,0
7240f4fd2539e5d21b9b1968cfba3f779b14b7d9a05c593dda452a14c8f1f4a1,375.83,0,0
bb37766a8f5b52a3128109d14497998aad357a509d402fd9fa31462743670714,52.85,1,0
a22c7f8689a9f6fccaa297818ee0cbd75898158543c761abdea40425d315526f,204.66,1,0
a2ec9e4e3725b1c371c9cb1735cda93b4fb37f0ea926d738302a81fa6b1461c1,1662.55,1,0
b94734c89f9bf7f62cddceef4b4546e4579cfed55364d48c3ab677dca7817948,542.45,0,0
a98f9b640f84cd3dc94c6f4897e30fa954fa2f943a1d3ff6691fc3b4218e3b2e,1.5,1,0
53c2f7c400fcf2db3126a204b6c551bdfccab6f6f1803dc3cd9f431eec3d4cf5,664.28,1,0
fe4ed2633ebd177652f7fbaecbedfd56082bc9238d1be0cdd7c74890f2ef348b,1854.06,1,0
57313a1e6c0e9d6fc0362db20d09b3d3e3c1da8b1ef660ee09bd9fd51dda3e40,4109.53,1,0
70843ddaa0053ed371a39355c4948f8d701405920bb8f59ed2cdcde73f11569a,66.65,1,0
497b68dd0659f67432a073a7c999eb10f13660c627176adb8c245b083720ad33,3360.47,1,0
079dced9ff618c0948ec416325c1806fc329f2d8610a21615d752331b1e9d9b9,887.92,1,0
ec9f0264d1b3ebe78df7ab42483eda8fdb320749df87624574be596843cbabdc,423.31,1,0
dc0c1491473e448e7d6a007d9af67b1a6a02610070896852933435c41aa6b7a5,656.89,1,0
3820dbc2a5b63fb066d8bd59f7ccd6e63e77e2559d8a599b09ce648868054740,1927.05,0,0
d97f1f77811a87ac851d60e87d8ae5dd706b0c383fc9902c08be5aa5e3add349,1103.25,1,0
a170f8ff300d0e231c9400791652469ab819cbd0abb089716ab6cfce4f344391,1439.28,1,0
5eb2ccc057d43b757ed8f6e04ebc485cb2211e494ede711bef2bb8d7c4b48299,124.36,1,0
9dc993b191a1765b62014ab576ca4eebe8628a8b0910534c952000d946d3064f,158.43,1,0
4f060bef6037a9970795e88cfff9fcc3849e281897e7df272596d99c5aea5c07,536.13,1,0
aac3ae87d435741f04625dd4d4bf4041af1bf7d48d1ba64a9c898749aa883cc0,517.24,1,0
b777bc41c64040f6426d9fc384544e3868938dd0a9f598e3f344a88cd5091db5,1122.98,1,0
aa80872428967672b23abf5ab362735439c2bfcfedfc5a20d390a89081a4642e,469.17,1,0
3efddad1f02cf77ed6db6b3e769717a75a78ae25b6b9a6f7be7ed2471894cadb,3459.53,1,0
906f337c0fce1a82942c0998f757d1d1fa1aa314516033e6505c60db0f73daff,372.95,1,0
c1d10f15348f4bbf326192a28bc5ecdb1567e42f8e56b37cc7aba4f4af760c00,42.55,0,0
373cba8f0e1017dc9ad78d009bcc277b3a079ab1b7d0f65c67e5c976fadefe7b,1277.1,1,0
d3278a26377cfcb63c069b2ef489cf31b7fd862d655010acbda4e01d6a712d55,1759.46,1,0
4e37b58da9d49990c3590cd89ced7bde65835e5fe7e102bf155b701c3abfad5e,478.01,1,0
2cdcbf69e4e2faf1c9946b6b14cfa0b912bce47c31cee7d8ff4f6b1941cde828,1494.26,0,0
51bc87c06158bcce3362d455e0bf1a347cbc31bf6310438d7132d3fa06dce926,32.96,1,0
4bc511299136467cd211aac04688e9d8310aaf1f17a4230b5ba767009fab60d2,2047.74,1,0
07342e4d09c1f88275739fcd7b4dfc9cebd40c8c0e1fdaa2119cd35434fdb806,1566.31,1,0
9c7762f99c5162b846dfae0bab85f3169158ec6c9a7e22a2abea8b9878b57d0a,2814.84,1,0
e4bdafd83e040200a90563eb82979d2feda2f490dc6b1d0af8d49f3634c78246,3069.55,1,0
5ae905e7605a78d162b5a9c4af4916b1e30c3ff337352487d60c23ff0f0e3337,171.6,1,0
3d14a1ba8a52a8c5f4ac0cdfd9ea415790469fd3a87b998052195c7d7589c8a8,203.39,1,0
e897e19cc8c33c1d3b0370f6a78af612225e637d5b8ce7022ec90eb2d8546fbe,66.82,1,0
41d59dd0e596e7bdb878eebf1ef48a6c1a70e8445562a160ea131aac6d2edd36,3241.84,1,0
a649fa54a145351b13e4853b226eee6b862e4394543ea1edaa315e571a77cef1,375.77,0,0
3413d964f037563258246eafd5c2bf690a124025d0d3eee323860d2729395bb6,3261.32,1,0
1c10c3fe17a54d307fae2df80b796b2cd1457c16ccf6046994724c93fc321a1e,1138.57,0,0
ab5a86a28a4a9984f68f9f9f6a856ff7095124cef361a0d0c10bf0aef5963de2,365.07,1,0
6524d24cf45859edb0435934f2e3f396d6776318b6ee8e7f25b36fb2a5e6d93d,144.72,1,0
7e21c7a06172fa31236766628cd14e871c0430b82cadd875be4a0debde2465d8,983.64,1,0
fbae4575f17ba7f59549c0f57bdc7167de3d46f4a80e3b58dc0a573839a1cb3d,1962.11,1,0
88b46039e663f4eda00b45d6650247dde925c3737ae1d724c9801902b0dedfb5,64.02,0,0
1c3a330b7073dd20ef5a5f53f3a7dc84935dde4c0f10ba8a37c736b6d1ac1ec9,109.73,1,0
ee4fbfb2c05838d45790e285aa185cd62da1897569676ca06d6987cd24f9dbc3,210.55,1,0
ba533ef4562f2775244e18384e70c8a9b39d1f95b36624e0ee77efbf4865eb6f,101.86,1,0
25db47fe0bc88af3fff2ec94995c3d0ed3b57628ee89a8f5f754a23cf251006a,43.03,1,0
ebb4131ee40e47e1e938d22794aea8e854cf607fde84d41e4251bd0c39842810,2334.16,1,0
62af287a04eb80879f864deefc796feff5a0a5ac536ffa933b89be891b7b9e3f,1010.78,1,0
90ccde33f14bd6b12095a3f4cbe5556e5455302ad44a1e01e4b1ce24a143bda9,2301.14,1,0
3b5be2b37a659630f4a8ba52bd9e36e91a876dfa84c480f0bf91421b102b0b9e,1005.77,1,0
7f437899f934ab250a59695c75eaae3db2cfe524416179568a905c63a40e46ae,224.68,0,0
0f3f1ea4a8be609d36f37f3f193f3eefe57f0b78cce50617801be48bfa3dadef,2156.45,1,0
bc0febfd421a0c42bcd3325f729a1311522609f992fe6ab18c17c251cb8dc911,482.26,1,0
da3499faddbea88b71875a16491dd2307d8b715800dc3eda3b58c6a8ed2b5561,61.85,1,0
8d22133036effec25fec8b1770533792f735f1be95e401ec92b07a2d1ce39e1b,212.0,1,0
dc102e6a87b41d7931036abaf856d3a65d9e6982384de95bf8ef602413ecd4c5,1153.93,1,0
b9700ae9288c6a460af4e667ce8708084ecd35e455a99d0e1213050536613673,182.8,1,0
5b29d5afd1c3e275cb24e85e0353294e39baea8ee2fbb1adf2cfc7d2d84ce381,1163.35,1,0
842c6670aa7daecdafcd53723457c413d19575ef6e50a6c81ceb2bfce1b68075,184.45,1,0
6ee5f07c90e6ba18d715b4fb808927fd2ee627be99caa95f4282d89325317b5b,1149.01,0,0
213a63e1ec936473d1f93ad5b17ace6937f175a24b3881d25d673ed932c1f07f,1309.85,1,0
05da37093276362af298d5a4c965b1bec09f6d126944d287c19614fca6dca2d5,2764.9,0,0
953ce3f49f7622d2ba9cfb45e234a4bfbe28162361351b5792acd0cff4e1f18e,1168.26,1,0
21af505d9d122a83f2296d6f24c21175e0797ec87fa094d2e08f845c36d04946,437.39,1,0
86731888bf493ed968ae9b22e864355e8da82811e3ede88ad1ebd59493cd7530,1991.13,1,0
3a42e11715c7843ba3caf5d9f71598091213253d4a2979af93b819dd1c21fd9f,512.03,1,0
c7e9187f8fa8169920d10bd17574c31c20bb33a40e07ff7fc588b161c648adb3,426.16,1,0
c52f3a3ea2eb5f81192ebc0270ebb8eabe5b0a86482a71f3b808ddc7d5143103,1308.38,1,0
64b56e160d8a4e3a605e1d44d71b76e54f623487d92214ebcbe14ad9ed1b4f98,152.22,1,0
d60da6a1a4d04851f9f383b39cefac1417969528cf5f80d981f8919f5e368a45,853.21,0,0
34bd8c5b6057e21ee86aaa2dcf037ca35c994418c3a9c28f84f9f53fa8439ef9,552.39,1,0
74b1021ac4f0391a028cefe30019a572402b878b479e40551e85fdd96d6f04ff,609.26,1,0
d65bb0e10b572b151fb9596d2aef14b2a24950036fa1ec5da2ee060d9d421836,1093.5,1,0
4333eb2dfc795dc5a9138c1eaef92afe416dd70551bebc98ac9306a7cbe12779,142.94,1,0
53491ac7bb1794984fe91f446dc5506aa938cba279ca751ce4a708e302f3512e,780.88,0,0
398b13ac13677b58cc7a3cc459b6fcd28cb78e9b3ed49741884441a428cdd18c,439.18,1,0
81df4c95bf60c82e46afcd38e80e062d5aa2c6a30322173ff092c982ef757522,1195.97,1,0
4dae3a88a0b1e4f00970e6d018b5fed7f6f00ce919253d9b3179aeaadeb4c29b,765.95,1,0
1bc33b37d860c7b651b8060211a8f1437b681e5ff8fef050271c5537f8e7b74c,400.55,1,0
bd6969d5e8ae5ffd1be320e2682e7698f5e2517380390a86ab84ec527c907ca2,170.2,0,0
ae99f775c3544726cd66a8177cf3ae3f84db003f9c8b01a673aaed3bd001c888,483.52,1,0
fe5ce216fbad5af951b6fe1fb6307b2bb3f0236d50a69a8573f6c8e195a576e5,254.49,1,0
89073c5460a2e7869875261219cd4226c7c9c30bac7de29ae6c33fa32fc02a74,584.82,1,0
c1c8b0d24454856c77dc052c9a3dbbadcea68f927bce48b27f04db412dc71da1,807.35,1,0
9e600c794a824240b18a9727edfc60a4b2b05a86f3ea3613fc06675209e41d0c,1283.76,0,0
2e77aa2bf126cd34c9dbda8c33d1acc05cde2a4076b63fbddd8ad9e8f65a0752,70.41,1,0
b54c84aeb5abedeb3a4f3e9df4c0398f10aaed94dd58feec2a14ff9bd5b0e97a,2042.22,1,0
f8ad714e9edd6d7b71afd871e77002a407a838c01948812b96a15bb52ed4d043,487.94,1,0
63c5bdc20fac02b0c3efb255a9ab01611d1ab9ed8c228b11a6d4d081c33dc021,727.8,0,0
b2f8aa2773a7d7064a888103a6b233858c2d1930265ac5eb17199cd81bfd2bd8,2975.62,1,0
f797439f4a132e37653e332240e41e6a5b2121f2fef310db8fe4b3cf478191a4,1323.03,1,0
d210af7725415df29e71a5d4278990261ad019a9747f021aa488f2c89da80931,886.97,1,0
daf1aadd1d2b44a7892a17c29fd6482b42980d1ded14ff99664f07e93a886641,343.1,0,0
d59a5317a6e2859e73768bef164101641873abf14b9a427143df80b9ef5dfc73,1761.08,1,0
df6579315e5cdb1dbcfb2f55d513df3d30ece9666c6cc6dbbf933f396427f971,1910.24,1,0
6725174cc96a29c07a3f86a3dd1640686fc04d7b45137618253c7458cd045ca0,432.03,1,0
cf16301b1de93109dd129b72439db04e9a64520730eb063d13a6e52a410cb5d4,1032.53,1,0
1700a7d8dab3c4929ff3a1fd7df802c8b747ed1bad3a01008f48c3ae214019db,2179.71,1,0
fbcaa7492dc46defe4590724a1ee5999cdf6ba0c0f2b7739b255ef3290c1f22a,1079.75,1,0
2ea0cdc5f35f850b7294168eb26361a53bf8659fd3ea9834e5d61329315fc5d1,303.69,1,0
67cdb6d73b6b37d25206e14093d5cc1fd66f48f8aa2a94b67ffc016d55fa08d7,134.98,1,0
2d09c709709e0fe1d4fe8a082e190faaaa35cb251ef4e400801e8c50522dcf57,1186.99,1,0
f0758ca5e5bb4da698fe4d97c3e2ba5b3b7a7f5fcc3d1302b910774a7a2db5d8,341.24,1,0
cf7dc63142f1f5d16f8eb0705242dd7d55f3bc6f0604151f73eff3424b862489,2408.67,1,0
330d79bab7cbd66d7c3f926063fb1a78e42605eac3ad69760e6846baf1610bde,244.3,1,0
f20095e6c749fc40f18d251927f3e221681fa65279c4708f76d5c14fbf44d5b9,1358.64,1,0
e52b9486ded77f441ec7312b92d95ab2f051b6fcf06e2a6c532302d77ffbef5c,1967.59,1,0
77f47a06836442b4514fa91ff4fbea741b16280496e1f68547fa95f47e8e51cf,585.22,0,0
5f415c60f932c7826905aaf169c2a142e489189cd4f142adc310ebe1cc3f4364,54.37,1,0
034d8c2f5be9f33e3475c3449ad7d26799db46c031b503d710cc7f959ca06790,1240.17,1,0
23994191dff936b335a599f2fdf366f199c7039c5f91e9453ffcda4b29500cfb,221.48,1,0
06ddf8f17aa7c38318423a3ce8953b9a1bda5b4f8e5c6103b2b30ebf4f85495e,145.92,1,0
bd0ac40bcf0797a8c78a405714d983fdf5cc6c6b83c7af270f20c75bb08fa3a8,751.11,0,0
4108668aeefdb31270e7f1b4955d0070cc54ab40cf881da0db79bb2cc56f9757,1045.94,1,0
a0a6ba42c55562771160c6677654a2f3aceec4ce4254f6b85caffaef0ddac80d,397.15,1,0
fe9500a97ebe018f78d824b6203084dfec1e2f1cbbacd356162e76c7e0d18d9b,917.06,1,0
bdb829f244c91d49db0818160d3ef4860a31a1386ebf0769fcdf831fb5e07ba8,134.7,1,0
c7703bd435ba5495ad3787ad4c31cec7ccc7deb49be56c46b2ca6f9c62c2920a,796.34,1,0
08ed3bdae6a0950fa95b4c2d398524f1eae06c76a6c08508fb06656268492190,962.6,1,0
cf5f24777d974b7c44a0ff0c46946ff5786477e4b3391ecd5fc5ff9f38be2188,1599.37,1,0
64ae5b70394efb56528028d22fa9162d1df8a2fa7c326a905c14abf6f918bd1a,1715.56,0,0
79858fcdc55b3e0e15eada9f55d3a4dd0f3515ba0bbb2937702de7c4204712a2,196.58,0,0
502b0659836ad5695044871fbddb6f52f2d8ca8e62b0627bd30971fef9498a26,1579.81,1,0
d4264e78e7f0b836ae43e1609295da439d4335442deca6890b4a67ba8e8e2879,774.55,0,0
fa030cee7a11b5c740055075685b4569ca7122386cac3fcd118c576dcd561388,68.08,0,0
7205f0bc20432c36c9c20fc0afcd33ad7c3c523c7a502ee1f3c93d359f082895,604.52,1,0
da0c2166cd200627435c2d6665e90eb0b88382513e344344e6afaac6d29d447b,16.92,0,0
25877d222decdd8b296e8bbf300a2246bc18d25213c2ad65d794829e74de649f,1804.26,1,0
d4aa7de44562728f3518b3879ab59aebdc987904266d2f7f82627c4e1cc2dae7,1678.69,0,0
d0ab9630ad3d253f74fe7d04ba0857d056912d1b6ecf1cff645c89281e59d87a,279.56,0,0
baae0d862870c9bf927a1b151f2f6d6f7da29aba763e485e8c12eca0fc7d899f,1541.14,1,0
4896e45f9b318812dabaad7c7ba22d2bb2176d8e21d08cca2774cfd020f502c6,3782.58,1,0
e67a8c26f0f1183b094cb8990a8fd951d7788e9c981f4dda083893a2e714454c,740.37,1,0
27621f6601f8f71712c14eb55678acdc6af468aa0e4ed82f636b83faad483e46,961.94,1,0
975d4fef3f007fa6e163e401442f1b4de472e8a910ea5c8f42e0fb27bb643ff9,704.05,1,0
f3d742e87218d877c420dcdb48eef2b535f57ac1a92a18b7448a46c62a6dd667,557.17,1,0
eb7f9381a9260895894199a11d70cfa329dd843842054168798e55741ee2bd8e,388.74,1,0
3b70b42c86565f15c783d45e62105e3fff87d1860e3d38d6df3fe63da6d8bce6,1130.89,1,0
