Customer_ID_Raw,Customer_ID_Hash,Portfolio_Value,Trading_Frequency,Is_Risky_Trading
Global Bank_CUST_00000,5b16791af4a4e0e8093bb8d3279f9154f063a4c85d417c33898d399f98e6c6d2,11707.37,20,0
Global Bank_CUST_00001,5fd474ca99fbb87af737420df529e5371ad962a1e9d12a6101f09dc42103f69b,47285.2,20,0
Global Bank_CUST_00002,587e9ed64baad64bad908968a796239f82c832703edd1e1834ebc6b070a5d5e0,13556.81,22,0
Global Bank_CUST_00003,aab9cd5657bd869b9858392e8ac086afa516cb4ef4a704b6096d363393c6c209,27869.27,24,0
Global Bank_CUST_00004,7e7109028387f62b77241fb60a11534b09ffad8db3c8713cb2179d46f6bd8a62,20944.92,19,0
Global Bank_CUST_00005,abd3650e1f84c78e15df1cd7b11b98622e890907e40093d134a22599edaf2dbb,25639.68,26,0
Global Bank_CUST_00006,9441d5271a7c53bd8d269b95baed1338137ebf740ba4d8551e05cedd00518d7b,9293.02,19,0
Global Bank_CUST_00007,e44893f97c2b5c28c8bf02cdfd3e70186a733140022b17e3b964d7d3b2f81658,48656.84,24,0
Global Bank_CUST_00008,9532dd0f1dc96acb52c7305db5d478804b289c18a5166798c83235fa132e44b5,23556.29,17,0
Global Bank_CUST_00009,314a708a68d51ce0bbedac8c4d5135915031bff6a23d5df3e2d4bc9883eeec2f,12664.68,23,0
Global Bank_CUST_00010,27c2cecd21dacc522beac9e9dc78fc73f3e2a12103708ba1e920ed2318727895,48490.0,27,0
Global Bank_CUST_00011,452f5f15f4568d389e0ecffd4aa9b22ac2497d10f85c1b55c1dfafbef5eed0a3,23242.76,23,0
Global Bank_CUST_00012,540e6e450651043e40eff0a86014bff202093597a258ac5425f0aadf8d90d8e2,15032.59,20,0
Global Bank_CUST_00013,1c8168b1ecddd5969b963f576d963cb1cfc7d2b6e5111f80c806d1e01958ac2b,14949.09,28,0
Global Bank_CUST_00014,67c3437b90b38047db103ae3ebdf50cf9f4f0a327a8140c7267bc47f25332160,43999.06,28,0
Global Bank_CUST_00015,7bfffb3669b92a74aa653ef24bfa1b7456bb7b9c5a548ae1feef53a789cf563a,32215.16,29,0
Global Bank_CUST_00016,81de596f206a51f55d12c1454424c7f4ff559bd5a4a2d1f17d9aebbeaae9f138,19094.91,16,0
Global Bank_CUST_00017,547a8279b7db2e302ee6ab7e500ba81bc49d2c1e1e94531f8c2027e67829887d,28830.34,13,0
Global Bank_CUST_00018,69b5171bb27d1952080fff79dfb7e59f78ad774d201307f4bdc98e273f0c242e,7770.2,15,0
Global Bank_CUST_00019,576a6d159e08dc0262ca609fd72fe22c7a7ab8dc13a9d8e9017cd0f10b331d0e,35203.15,14,0
Global Bank_CUST_00020,a379247e8700539da910bf4da49e8f5bce52306f7817a42f959cdadf0511b13c,21962.92,14,0
Global Bank_CUST_00021,71dae6a0cf2c30df1febf7f63a84ec0d745399342ccfa3c86fe0975ef8aec4f6,17435.45,21,0
Global Bank_CUST_00022,5228d21f47b6638502f4743648f52dbc114b6c8d87cd08a4f3832f94a31595c8,17827.41,25,0
Global Bank_CUST_00023,ecc779f63e48f7fb1a52c1c2a3a144763e05b4ee82194688ab516bcd226116a9,37505.43,19,0
Global Bank_CUST_00024,56111330377dd99fce5969db6998b5dd64102ae5039ec67f26803ef1c66ac440,5158.06,17,0
Global Bank_CUST_00025,94b9d8dbc1cad67cb4567f18d090ef35df7b2874153cec5484a13cfdc4de7926,49436.54,16,0
Global Bank_CUST_00026,395618aad1fbfec6670dab83d1de17389ef68b858c016e4030af9a9eccf92192,44925.24,21,0
Global Bank_CUST_00027,2b5c3c06442ee0593f59cbc68a9585b4557a49037b52c4c3302f8beb835cd792,15797.74,22,0
Global Bank_CUST_00028,58c51a0c3fd139be1af6f56006019eb827b8df78363122d5b8d76108870a159d,36044.48,20,0
Global Bank_CUST_00029,ccd03e961f2d243122718df9bdae56f9016bafad81c18d57f3ceefe59f9999a1,9412.25,17,0
Global Bank_CUST_00030,1df02df27fdfa4d407237437a7dd18f3e72d621fed89c8a989cc36a2deab0302,12707.25,22,0
Global Bank_CUST_00031,692cad7d2d33a9a1599197a4ae91174b481cf91ba69ac20c06e3433cd6a71340,11409.23,18,0
Global Bank_CUST_00032,b4b76896b774f2bf30924b352fe0fd1ac303e41f40ecfa7fa983ec95bddea110,33032.61,22,0
Global Bank_CUST_00033,729a1933258c857f19e67322369aec96e0a9639c55e6d785f65bc9a752f2826b,13063.94,18,0
Global Bank_CUST_00034,ef353cb5428ccbc2d2d47aa4bc3c58098d7ef1d7e7573a6b31b61c079ef0ee63,15605.6,21,0
Global Bank_CUST_00035,a1b9060884b2b91619dacefb1ef976fe5e35dd41f87e9b3371e5c96cc1848f37,14380.4,21,0
Global Bank_CUST_00036,1b57cf207c38039b86301144fe412b1e2991840372798b7dd0d13ad822d5a476,38435.47,18,0
Global Bank_CUST_00037,c222d6cf94ef132f934348c6b837e30711b4e0d91a90222a1f28ce09f8fd369a,8428.85,19,0
Global Bank_CUST_00038,9b6159ccb94f3ca9aad1a3e2ec0b6e811b45309ea47ca657c36a0650e42a9abd,15510.91,22,0
Global Bank_CUST_00039,9edce7164a5fe7d66ba954339ea4bb35d0690c8862c4d48491de12986051dd35,33676.11,22,0
Global Bank_CUST_00040,f86433343a47e1fa010582ae8f2679ca449ef8404363c3c2a5d7aa609da8cc77,37247.86,21,0
Global Bank_CUST_00041,02c0050be59fcbc14a7a394e0e8572bfe1103aff66e54834cac50c92edb50316,16840.85,22,0
Global Bank_CUST_00042,d40b8715f1e2d7bcc4527e57d25bfde557e8afa1b18399a0bd627f7a35547acf,21707.29,27,0
Global Bank_CUST_00043,9bcfb5675faefe49d9613bd750d8f69cc20cee56bdc6881706b4a0a3312f2f11,44224.22,11,0
Global Bank_CUST_00044,c4c4dc0b16fd278072701d39f08d199a8ee2b5e2dfeb99ea6da8514387ce7c3e,18052.98,32,0
Global Bank_CUST_00045,7a66c6a214892f9cf83b676561508e693047ea8db7af84486eeebbfb9cfdde10,36664.48,25,0
Global Bank_CUST_00046,c9279431f8b7737b70081320e3f535fdbcf2a94f1c2ec03208dcf279712a1e70,56922.2,12,0
Global Bank_CUST_00047,7b566828da3314215af92018e2fad6dddb1f1ab3c21b017d86f78d390de63d06,18445.49,23,0
Global Bank_CUST_00048,0c7aad00324405d0887137c91fdbe35f68b9b34917a50fa8006f7ad0bb1721f1,18151.2,22,0
Global Bank_CUST_00049,d1acdda1ecf9b94d3d608895f5f2fc395b96805097b7b3c19bfe009baa854a2b,8403.03,16,0
Global Bank_CUST_00050,5d26807692c0bab3e67ef6706c90bf54236562dd8e29a54d9d6d9985ef9f6f0e,29009.49,15,0
Global Bank_CUST_00051,a5b73d5bfa6b8eba4b2e5a69f6f16f84c68fea766564dc186c7ee2b8a60b65f4,35496.09,22,0
Global Bank_CUST_00052,79b9a08f8090a5a2036423861e451016c4b91b969c0b9894cbd1e1334b21cd2b,32577.86,19,0
Global Bank_CUST_00053,070d31bcfa3da6ee250944f7c5d56248bced556175fc657a634f6b5b1d4c957b,8985.62,19,0
Global Bank_CUST_00054,3146b48bab7693424ba9310189a709ca1036d660f84e30a78947aee96b290ef5,40983.62,18,0
Global Bank_CUST_00055,9b69b772652ee4012fb2bb6d921a75bcb3f24c1b554a2fae9ceb513ac8d60695,51734.15,20,1
Global Bank_CUST_00056,d882c575f824f124f9a65fd83b0292317f8ea3633e7d60b98acace4f2164f01c,25889.08,20,0
Global Bank_CUST_00057,e2c58b0ed1d159324e39a9cb4e169aaa5d2fd43e94b1963997725dbf8d0727c1,13414.38,16,0
Global Bank_CUST_00058,8a995e932e8bb723d0e3c9cdc2f1e6a7d74bf2ff305f9fa0bce726aaf1529304,12312.36,14,0
Global Bank_CUST_00059,199abd17bfdec0003349caf6c2bdc99d6401eae74f9a40027d64f9b44ea7ac42,21792.75,21,0
Global Bank_CUST_00060,a8d348386db86e38a5d854894e1c1c8e84c2aaa909b4d52db3043ca28fcb5e82,9986.63,19,0
Global Bank_CUST_00061,3094feb6addea6beb3177005afa98c2f968475e646cb600f8307bb369354fef4,11830.58,17,0
Global Bank_CUST_00062,859386ba68b1167c88e97ce904b43a236d10119c5846641f5ee2f475f0635897,17942.28,18,0
Global Bank_CUST_00063,24d892410937f42859a290da6889d57f67a5a1288d9d210a87568ec27aa134be,12996.85,23,0
Global Bank_CUST_00064,aee4ce571306a3e55026998ed9e5e1b31c36caabddab045ed821b58279dfc037,12982.32,20,0
Global Bank_CUST_00065,0bd51859bb336782f8332821af51c104d84cd1485999dfa5829bd08d374024ea,11590.5,25,0
Global Bank_CUST_00066,fd7b8c17653cd11f28185f24435a11d3188d427902e6ed6656e70365fdc04016,34771.84,28,0
Global Bank_CUST_00067,f646a262275f77d1219f7a8f54a681217045311d089baec86f3b758aaa264e65,11005.25,19,0
Global Bank_CUST_00068,bae570b990b1feb2eeedc94ab3a4a345f37e1da0569fd37cdf79dba97d8cd99a,22359.66,21,0
Global Bank_CUST_00069,bcd937a71631609663beae532b7c3bad26c88ec58a7ca5e66a6e61f4f1676099,17588.42,21,0
Global Bank_CUST_00070,a3f4f3133caba62dc1b170be35806483dae27127f9578ca341186a32aef54588,24411.67,17,0
Global Bank_CUST_00071,5ab3a61939fffb32bb700a882d60b851727adb1c0d45bddbd685db5a3302f387,17500.54,29,0
Global Bank_CUST_00072,b6eacdf121ded68df09a757c740d5dfa282b072f36c5cbc5e6dadbb79a820903,20197.08,20,0
Global Bank_CUST_00073,68645386c122a3267b2dd8b788cbb986745529b7f3c8b7f241ac59abeb2896ed,19765.09,22,0
Global Bank_CUST_00074,53525dcc8878d79c8d62bb56c0a8109417fa89a64de81b9a8f69ad1dbd4c7d97,19341.97,16,0
Global Bank_CUST_00075,0e82bd7e2f550e3b38b58e96fc7af2310b4580861c12eb7f507cc47e1912a309,29235.73,17,0
Global Bank_CUST_00076,4dee7f8e296d172be609229c9c512d2cb1e30e1a7a78e3bdac9e69ed636eab09,36143.82,21,0
Global Bank_CUST_00077,2694ba2a68cbb34279b0e7ba782c9c78e7d86dd9c53e35b7312bcc507b8755af,16360.39,15,0
Global Bank_CUST_00078,31f44845b65289608071363a14c57be0ca1d535662328991a8cacb9348fc25e7,26153.32,19,0
Global Bank_CUST_00079,10b7433c5138df4576363127fa0f7d0eda01a684275f1eb19d9f91deeb367ac1,6035.05,22,0
Global Bank_CUST_00080,30c9cd099897beab6f9ae60676ad27f774938b83cdfc90aec27f817a825a7ebb,21845.47,17,0
Global Bank_CUST_00081,d6be00b13c93a62a884c2045a08886b44d6f7bb25074b124967f6a92d5318bab,21310.49,23,0
Global Bank_CUST_00082,75332c2cf5653b544fa057be7e842b6361dc32fc2fac57723d7803ce31c9990d,20657.16,16,0
Global Bank_CUST_00083,55058a8c7bfeda74ba008214785165d7c4c5eccfb8f4fa7284e7f5fe602c66c8,14075.79,16,0
Global Bank_CUST_00084,bfc0b07469a6c2f34dffbcb1fe2565d4dc1f4bf03351f0e638f6ec42331417fe,29364.71,16,0
Global Bank_CUST_00085,98098b80331a9e70442c157ab67249163e43d089c573661b1e2e9db51684030b,17167.56,17,0
Global Bank_CUST_00086,559eb59ec4a9626f5f6eeadb23ababd85633090b7fab3c5aca801fad91f99cbe,12361.6,26,0
Global Bank_CUST_00087,f08df21413489da71c2a3af3445310c57f6896e6de081c42cdac4c3ac7b1c99c,34558.86,28,0
Global Bank_CUST_00088,1a7f681a71c0a9348679caf4102125d4ecb389e3594e54e47df0677be38297d6,34182.9,16,0
Global Bank_CUST_00089,5e4908d49376fb226b0b6e0fe669192fe5f5d2564c5f185ba7baacb37f8d532f,10430.94,20,0
Global Bank_CUST_00090,69bab4a490ec083586ee53f0a5e5cfbc2481a6c1333621d59c8ea9146b0c5abb,18934.73,24,0
Global Bank_CUST_00091,6cef6b8a49bf33768b17ada4b0162942aa4074a29d4aa1f3460821083c16202a,12940.29,17,0
Global Bank_CUST_00092,7476b9bebf77c7ea1db99b5c78bc8f3ce9739fbf9082c1aa14b72f5103fbcb2e,51656.02,14,0
Global Bank_CUST_00093,c4e4cdca3beeb4e17c3ab88855f5c72e3ea4bcd2e1fd6baf5b4088d89f499d10,34156.67,19,0
Global Bank_CUST_00094,8b086f29b8fd5511b6a2f19baeb0dd373d79dbe479303fd5c59c1b09c9df61db,36362.02,13,0
Global Bank_CUST_00095,38e94c554b3b0052a8935c000c9dea953577f16ca69e0b21787658a47201cf3b,13070.56,20,0
Global Bank_CUST_00096,d089b71d0f8d003bccef619585eb3a3188eb4ac04d869e93572cd71d24b3b113,41523.46,23,0
Global Bank_CUST_00097,ee2e8ef06739506c32f5c480c14523e4718d988003e7da381c4ee7bc9b415142,19129.54,18,0
Global Bank_CUST_00098,7f1b038e98c1bac57ae118c24af9ad32ad6885997c71892723399496d77ed1a5,25999.7,20,0
Global Bank_CUST_00099,44c29677094d1fb65f12c2236fde8a1031a1bf209166ba4e4d34f6bacfefef61,27406.37,27,0
Global Bank_CUST_00100,e5db7973cd9c759b06a30032856d33f3db7e1bd6308dc86a2f60a39655c785bd,27653.69,21,0
Global Bank_CUST_00101,93c6c542aed46ff602eedebabc7e309813a39def5b19e4afe08fa0311189d8ee,18215.46,15,0
Global Bank_CUST_00102,41cba4b79531d626b8745a00ee58b7e28476e83ccffd3d8e664a1c6cef5df3dd,32629.23,19,0
Global Bank_CUST_00103,bd3fd3f0ec8f9fbabcad2df8fac054c93d55bb5164c2c47e6d79a771c638d9a8,19355.53,12,0
Global Bank_CUST_00104,08ce684ac31f0958604828f081de39589a7b65e2fdc40a3243b923ce202d546a,35104.13,21,0
Global Bank_CUST_00105,6d7e63f33181bd2c0720d5ff61695eb75b9bbf49223a624993168d84e97e63c8,10988.59,16,0
Global Bank_CUST_00106,bc85ccc53a28d6caa5c2861937f8136b2f69bcf013c6effd9c2d6e9947cc698d,15846.81,14,0
Global Bank_CUST_00107,c25d615fe3385a8a102aa6a2bf209c43bbc24964e3c373b34c3315737d0c7770,31313.82,15,0
Global Bank_CUST_00108,9dcc391705db461cba2bd8753dce826b4eb6291561a0c0e899970f2d8125b45e,13617.75,31,0
Global Bank_CUST_00109,c0b8d2c8cd232f7a5e56fb613df4947a8b2cee1f53eb4f2b2cba62faa901b282,35502.51,18,0
Global Bank_CUST_00110,5b1cfd65d73e61585138a1b9ea5fec8aaac8ba6a48fd1ce6a5c64dc3839bcef7,36704.35,16,0
Global Bank_CUST_00111,7f8243d4c3b3f4f93427749f290aa8715194e38021ebc11ecd5a55f7c3ad8916,31868.28,19,0
Global Bank_CUST_00112,15495067b26999d361f900a982d9964249a636645c2cdf72333fe6a96e51b356,17946.69,31,0
Global Bank_CUST_00113,7a37a277f10d0d92b57d8f6f6043f44e5c215e7c2fd145f164bcf25b1d16bf47,29398.25,31,0
Global Bank_CUST_00114,68bb182517860befda32a2e997be6b545ade3b3f92d48789e26ea25c0d179713,27127.14,16,0
Global Bank_CUST_00115,8172c02b39646681f26c08492dce871ae9f575165465f02825d96d9b30a6b6cb,28587.53,18,0
Global Bank_CUST_00116,61d5e489f919bfd49a3ae6d52165219fd1986698951513b53fa8e47351053ce0,10542.52,25,0
Global Bank_CUST_00117,d709a7d03e98b3e3f493d72a459d2d0fd27a6d26211b9cbf15fa58c5b9ca7482,16340.5,24,0
Global Bank_CUST_00118,6ccae01d905f8b36e35cb9009641793e3ee7219fefa30c6b5d30619455aab1c2,99732.61,21,0
Global Bank_CUST_00119,60b951e9e63d6e075f8d16b1aa3dfa2d814a40249ea826fea9d941bd1ce7cdb9,18712.49,19,0
Global Bank_CUST_00120,48dc4ece892ad5cf027ce6e5f67f471c0542cf8ca22ee2b6993bb825c605763f,16547.4,25,0
Global Bank_CUST_00121,3c1834668e66479d33754d9e1ef6c32226a153a89ae8aab7c6fefa10d9d03914,14654.63,28,0
Global Bank_CUST_00122,d1f695c3d10724510d6d8cdeb7337773e400c1e5cb586b1e6b10a4ceca78b3ad,29727.33,30,0
Global Bank_CUST_00123,f68ca6ad1117320d421baf481707e5a1fdcec2f1b03354de99d39e7195abf5f9,18282.2,14,0
Global Bank_CUST_00124,ffbcda996d4c2ed21bc2638243698394dd0edc08c5438399de88ca5165b7fa01,27415.09,16,0
Global Bank_CUST_00125,f7978d9cf0f21d255f02e1697955e2fe4d45311dcbded335f447096b072717dd,28482.75,20,0
Global Bank_CUST_00126,7bfd8f7a5887d960143e5ab914f7bb59cd00d4d8cbd9b43fe6c90082d6f2e49c,32179.88,19,0
Global Bank_CUST_00127,8ae2603f8d1e9741028033833b710037de0f66bd330f3b132f02af7fd1c22fab,26963.62,26,0
Global Bank_CUST_00128,8321c4f4f2d562d9b8910eb5c5eb8312d1d5b25507cf6ff50b3e5128df446b14,8586.16,12,0
Global Bank_CUST_00129,b614003de9f617003c64ad40cfc014b7571ad7d1ef740b2caa9f0342f17c06ba,26428.98,20,0
Global Bank_CUST_00130,8e8333db6b20c25af84718ab22877ab021c8c726b807affd25fe9e5fa6f8ebd1,26698.97,30,0
Global Bank_CUST_00131,d3e866dfc7f0df22d408c5a535e5b2c8a1f2cab281326ff76feefcc1778d8303,33074.53,21,0
Global Bank_CUST_00132,52bd2514370c49ad35d69f06ee24aa661ea2e63417e83ecb1f2de8ff63186f38,29438.6,13,0
Global Bank_CUST_00133,376c2779025510870f734bb08aefc4aa95ca47832650c04d3f01c28b247ba93a,16269.61,18,0
Global Bank_CUST_00134,ac49c90f8c7de2e94db2e8f763cadfbeb731c4821f572985e86ad8a7645387fc,24702.1,19,0
Global Bank_CUST_00135,3152872a116ce6b4e63594cba26944c0783c921ceb8dd7caef1a787ee072d354,11113.55,23,0
Global Bank_CUST_00136,120cc64691ab7adca244270e325f8569af22bc20228394e04a6b5e781c28aa29,53496.65,22,0
Global Bank_CUST_00137,2ad974621c9e8e40dbec44d2d2a0b89c6d0db43ba9a82367bd2e79f98096de9b,26974.45,22,0
Global Bank_CUST_00138,63efca431a85ed2975f0c1a22cd99207f44b7245d17f942a8beb1d0159b8a847,23838.21,21,0
Global Bank_CUST_00139,41abf885a40660b00ed86dd9f6fd36378bb27e6329933af91fd6c80dc237eba7,23797.11,17,0
Global Bank_CUST_00140,1a46e3d211d5a28c52a35c54044c6004d16e7bf55252e5d39bd94dbd2ea706f6,16763.52,17,0
Global Bank_CUST_00141,494db64af15bc72222d30e6ac00bb809213b875a795ab278201a7b308a941b1c,14400.96,17,0
Global Bank_CUST_00142,5ba58a5f00b82a431b7eab58d2211f57272906a4e170d0b4dcfc7a4ad16dbbe3,27906.52,13,0
Global Bank_CUST_00143,74edca69690255baf4d673be52a4d2fa57aa3d3fa18c1b6ff5a185203c5a4fb0,26637.04,17,0
Global Bank_CUST_00144,c4926d40d0d8256d2e2aa0c8fd48c9cd2c15e9858d9f0390aa8cf2218596c196,13671.27,21,0
Global Bank_CUST_00145,06720083f07db8e23fdaba33de06132b72f0c964b130046e7de2190241ff8a10,12633.95,22,0
Global Bank_CUST_00146,e140f35a3a097ed3af6e3889f2eb31af072ad04f2f89f6752bde2487571fb23b,17824.81,17,0
Global Bank_CUST_00147,8d7919a719e008358a279463774096b1fa66fd293fb0db8169c902a22ae631cc,20210.42,23,0
Global Bank_CUST_00148,2ceed341986f133bc70181b52035914f7dae455b34474c7cfa96d14b27fa43a2,47026.43,28,0
Global Bank_CUST_00149,36772ec5370f321b14e3ae3dcfb4255ddb5daacd1d76aea54e60b39301185be9,40913.12,22,0
Global Bank_CUST_00150,cb745b4ce33e509b09a952e9baae1f18aa6ced6834c1b25af4f84c4cdb0a96cb,18135.5,19,0
Global Bank_CUST_00151,542063fce4dfc589a0df6a923c6c4d8876c9f96291baff4ad15cac2f8f3c31f3,20906.41,23,0
Global Bank_CUST_00152,db89e58fe6f2e5ecc8a5f379f31198779e4a44092d06d6dc9f6487d794fd2631,24692.49,17,0
Global Bank_CUST_00153,f30a0c87f14acb2317f107fb9f91108758147e5f9cffbadfefa56d1cd19c4d48,57913.24,28,1
Global Bank_CUST_00154,472d6a1f9ecf3e41c1d280ba96fa297c8ef6c71084ed43adb171b176213f3439,13873.52,18,0
Global Bank_CUST_00155,9940fba4854206d9f287b3535483863c62f734ad7e95e8ec2238b04789bd7f13,26458.77,20,0
Global Bank_CUST_00156,b19c0bc2b86743c3741a85693263bce661f1e9ecd4044e169036a5ab7718011c,29657.7,14,0
Global Bank_CUST_00157,9d62e2cf5d6943cf823ca2c5e2f83de321b031281494b28d922b1cf3cf60679d,62143.8,23,1
Global Bank_CUST_00158,2a320fcb1cee5688d68d20678e54ea05981701ba73792eaf69d1754e46d62b8d,21329.42,27,0
Global Bank_CUST_00159,5a93db45fca963f0df0a5836e90af83bab15677a47658a9434935a7bcc94e387,28325.61,18,0
Global Bank_CUST_00160,721650228f42adb4b4f8a7f2bc2d795d88e9066d6ec5e18e85b4cc9baf43ab12,16002.82,26,0
Global Bank_CUST_00161,68cc4c6244aac01d994131cc2752b993ca25fc6fd30d2298262ade223174599c,26877.05,17,0
Global Bank_CUST_00162,e71b181f3a03574d3e053bae57d3b3c238623f403bf9fdc95d4b39db73dd517e,17182.73,16,0
Global Bank_CUST_00163,f589dfc59c1b21f2882609b52b4e0c73496446b8eb310a59b892e8b4a170065d,20026.61,15,0
Global Bank_CUST_00164,6bad77f02b3ed044d51035bc510892459eaca3644d67b8b6e559aff6c900757a,14867.94,30,0
Global Bank_CUST_00165,77c0a971ed4e3ce728e3d8a44557dcd8a2778e39bd26e2b085c9dd64c7517bb0,19504.06,21,0
Global Bank_CUST_00166,a1eb7b975c074f1caecf77e8824acd780f5f39c7e411f6a25948a4bc7e2b2ba8,65620.38,12,0
Global Bank_CUST_00167,3925607edd3faf0620610d7448aa5fd14bcd32ec4075e438877e3141328aac3b,10891.43,21,0
Global Bank_CUST_00168,45e0edca560f2b6333abcce1c2a5539a494a296aac6520ede6afce5d7642dd1c,17998.38,21,0
Global Bank_CUST_00169,37403c2a24c83e761445899b61c80c95888d000a4bd0a53e9504a2fff599a2e8,36864.26,21,0
Global Bank_CUST_00170,73038e0376b415e389b72278f83d20a35950044c541162550a2af6cd4e879bca,14436.87,21,0
Global Bank_CUST_00171,a85709cc83529db63259a55319e003a8932739e1c7024d1527ee80a0c5a2972d,10528.11,30,0
Global Bank_CUST_00172,64cc9015b063a9d8e5a5ea68518ee47c49a25919088c64e802b2d70d0557dd02,22684.12,24,0
Global Bank_CUST_00173,7a05b287d98846100660a381324ce2671b6ad03052b991aab865a45c0751fef9,59671.67,17,0
Global Bank_CUST_00174,e5610bbc034bf93a492b86f5c98e60d287fc05deb521d26be78107dd19f4c906,27381.34,22,0
Global Bank_CUST_00175,f4b0ec91e1156d017bdc7c9ad95369353eef8dc1687654279cad712abc7757ed,29519.04,23,0
Global Bank_CUST_00176,add4f7d10048fc68410376118a8f2d2e5224efbda8702fd6d36ccf91eeb29e99,15783.83,23,0
Global Bank_CUST_00177,3704b1f4b99c2a78d4d5fbce7ba001cbaff08571e5dfa5d236459b36cd37e3ea,22086.31,19,0
Global Bank_CUST_00178,1c921ac2b182289767f747132364362305173d63d5141d8d023df9cabd030ba5,9317.71,17,0
Global Bank_CUST_00179,e97359cff73a13c2c9270c9fec8d4bca3eda2b5f9293b4d28993a148816e8d6b,50772.95,24,1
Global Bank_CUST_00180,906ec44495b2da614239fb1ac57ed1d9168ba1b5e2878a7d3208aee9d0f208d3,19879.24,14,0
Global Bank_CUST_00181,da34c0b31b62d3f9d29d642c4a1b10d7eff74db76866d84b80b1ba51a5cded35,21529.94,24,0
Global Bank_CUST_00182,e5c2106852c300f31bf004335761e64f648723c853e445229c1f61aa13bce7d0,16128.81,19,0
Global Bank_CUST_00183,436119f66356ea42b218af8ac9eb885d44fad9b0345141ac7ea06e1628b65331,26479.41,25,0
Global Bank_CUST_00184,9209ba8a3fa8c3dbea19667bd80ca830e775e61da20c728fcd876384bb641870,63038.22,15,1
Global Bank_CUST_00185,2ceaf2443bf90618f016370531b5403b9f59639abf3334fdcdab8d06766a25f3,16810.21,23,0
Global Bank_CUST_00186,637927f6c931ba6b3ed60064dfd7e7f1bd61e2dfbbe670037b664e6f58d77a4a,65687.93,19,0
Global Bank_CUST_00187,89be3bbc7e4ed8496ffa0c1f7a5d81023c5cc801065de045efe810320f281863,15098.78,12,0
Global Bank_CUST_00188,0b90449e2d25eded752caef2f14750f4f1d013baca3e99f5a499223eda90de89,10972.71,14,0
Global Bank_CUST_00189,5092bfdb722da13292c68bc96e39f17c5711deefb5a089823818cf174c43be87,22923.96,19,0
Global Bank_CUST_00190,f78ad01a6940d738853881d9481098d6333771d6d808ab9597e73e3a7b06311e,14876.08,23,0
Global Bank_CUST_00191,3969381d9fb8ddc42278240885f39916239c949f5387c606909ad9208ae2dd2d,58953.99,23,0
Global Bank_CUST_00192,d7d77656906390fe65de36c35080a7f0cc0fff37e624e0a4b8c128a1f9b31c4d,14018.16,20,0
Global Bank_CUST_00193,627d7eeb405edf5ff917160417bc427e27f90a4557a0dac58b35fbd3c732e51d,18844.92,18,0
Global Bank_CUST_00194,23d750ccb3e80c1283d4e137a019e680c621655424c8eece4f4be29b20630294,11862.03,12,0
Global Bank_CUST_00195,42585520679ad1437a771177b06fc4fd451ec96f1c02d3d153dc53e38d5b4353,9843.43,15,0
Global Bank_CUST_00196,a575fd2ba5b9d73dc47514166a6ab84dd3a4fd5c55b4e848e4c229f53326f108,46834.09,23,0
Global Bank_CUST_00197,caca42b337ff8a9aaa7423c1b7bffb886f015f02d64b63e3026e32767157abd9,31942.88,16,0
Global Bank_CUST_00198,3c570d581f3cd5be5c743842a077b16de9123e899bef7c69d235079a02239e5a,15539.89,18,0
Global Bank_CUST_00199,db38872420ede15fef8a1c84f1d0842cb67408b5b6bbd76cc3938a86734c6d60,26421.34,25,0
Global Bank_CUST_00200,8df0aa362b28e2659113d51c4aa866e94ff61f6120a0b24771f6c17d838b79ba,37625.59,28,0
Global Bank_CUST_00201,16aeaad75a0c72e0618343c3667ea3edb82284bd7d8d7150b6bf2519a54619ee,27900.03,25,0
Global Bank_CUST_00202,aee396c29c791639108a14ed329970a9f5db666a724d03ba614c64e1ec8801db,15278.57,24,0
Global Bank_CUST_00203,5a143b73e5c46f011f01dc75c6f7a290e983743635c70abf80e163e0139e4ffd,28555.89,23,0
Global Bank_CUST_00204,3ad08a4d0f116cf743602910f070b59983d1d70b5532060d075a6e968a0eb7c3,28339.36,23,0
Global Bank_CUST_00205,7c81460503f133abe3356ff98d3d9beb113a0bca2311f60d285e15d87efebfb5,8124.54,23,0
Global Bank_CUST_00206,2bffb51bfc0997b2b7dc13e06ffa2f2b09635d3ba9f0f65fd73ba4e378f5aa9f,25114.79,15,0
Global Bank_CUST_00207,95e0bae9bf6544389e93713d1442fb3f7054c0048f0649c4adff7e5a83ecb645,16200.28,22,0
Global Bank_CUST_00208,915218c4199609afe4141671ff0fe0c21266e1b8f8c5f255f8fa5e4507026399,27066.98,20,0
Global Bank_CUST_00209,a6bdf8f9d2f584c2a871f67522bd553c27ce40c6b27965e898de9d24886b9f4d,14608.43,21,0
Global Bank_CUST_00210,97a650e2b80d474e2d8c04a99513e011850e24ac1544b8b60772013d14add370,17234.31,25,0
Global Bank_CUST_00211,da9bc37ed0fad600e3176e80de9e62cfec2515108fa2be5dc537adb227c3f77b,23307.51,24,0
Global Bank_CUST_00212,ea7bc60452bd62976f45f0dc8d6a185f0d775b15d25848fd69f885423cd21292,25456.24,21,0
Global Bank_CUST_00213,be3e51d0c70255769d0d4fa41339270343559521dfd1e2d17dfd8fe8e1cc395d,21730.53,16,0
Global Bank_CUST_00214,cb418f5d10513fa77bef02b4429cbd4d09ecc18313527e7fc8612c60c9d2a49c,33436.48,21,0
Global Bank_CUST_00215,52356d8bf281db69aa4c740a86ad263c673803401aa8430adae3d6a47760a769,14332.85,16,0
Global Bank_CUST_00216,842ca3c56f6f964db301a61aef7d9e9e2998844164cc41eb702b4b3cd25e1d8e,12894.69,12,0
Global Bank_CUST_00217,c49a9b0de3c27828c0b97a2e4e0dd212717ddfc04ac3bfa9d386b3659d8ae59f,41247.28,27,0
Global Bank_CUST_00218,be78d2ecf305d99d7bc0525b3838727c300316f7c63562f676275977128649a3,27292.18,30,0
Global Bank_CUST_00219,98bb467621add47d75aea2d09f8b9e61269bf96f44014c2c63b04d04dabc713a,18077.45,31,0
Global Bank_CUST_00220,44a3be84c7abc4db1521b4ee6d5d1b912542146916173edad529f1e8efbc07b6,13164.72,23,0
Global Bank_CUST_00221,3e3c9ecfb32d16de08d08b77bea95d741bebd0b4b67913efda44191930914176,27597.8,17,0
Global Bank_CUST_00222,2b4e45b0996cd0f92437edfb599e91e8928e1986596b89c9380e3cea93da9bfe,25212.89,27,0
Global Bank_CUST_00223,18865cf73f39ef42d4dc7906fc58642dca78ecc64ecea88bdd994ddb9f53f918,28350.45,26,0
Global Bank_CUST_00224,f346291204c72cf018869aa2e16053f6786cfa686b21ef20501d12d0fccd42ba,13508.67,28,0
Global Bank_CUST_00225,6ad5f546cd88de8cc9e265c1824e2db8185c9127e72e2bf63f669be210255c74,22167.46,19,0
Global Bank_CUST_00226,f17cbee7e64a5cc1ab305dab8ce60c4d530a1d1987c0dddc8e6df750188fb088,21861.07,21,0
Global Bank_CUST_00227,8cce271eaf17974ac23985df90a135d268d9d6b86817acfc6659dc8a8636b377,18103.22,17,0
Global Bank_CUST_00228,b3bbe9c5f20764acc07db9f2911571ffdf99d6b16d60ccfc77ef07151cf87651,13651.57,19,0
Global Bank_CUST_00229,f7c0fa4b7796d5a10e59a3ceb7085e4f2b5be9b234c40c29a905141f47a9a8f2,16730.34,17,0
Global Bank_CUST_00230,e7eb7577c0f3d38cd3cf6248b12e82b2b33d465acbd41c19b5e2d25846ef43c6,9151.48,22,0
Global Bank_CUST_00231,2193ecb5d9385837934e898c5c4cbf75c31f282da0956d5834c57d29d63c867d,21993.79,17,0
Global Bank_CUST_00232,f3be236c1c064c60d44d9c2ac63dd9f50427ad160350520cd51c0933b46abaf1,19043.9,17,0
Global Bank_CUST_00233,811a54acc9a36066a4fa34dadb90fbe40bd81cbd7f78ed6bff0db43dba440b72,18391.64,20,0
Global Bank_CUST_00234,c18d5aab47526d214f6fa8f3f78948d2af1a43feecb4649727a3957746cd04ee,11700.98,24,0
Global Bank_CUST_00235,5cd21d7bc8e15f1a03770d51fc11bd94c19f3c1472f1fa8598b15819417c039b,23903.2,17,0
Global Bank_CUST_00236,fe7d2c23e34c6dd18fa920be2307745826ea72769fa04c5595ce0016664fdd42,34315.8,28,0
Global Bank_CUST_00237,e33b642e4c9c933c4ff97c965264ba0f2663e124463c4ae07fa6e6a8fa1e87b6,13505.19,20,0
Global Bank_CUST_00238,b616217164bff42d194f6e7f2de861d471ed4bbaea3bae7d65e44e85feaaca5a,27861.53,21,0
Global Bank_CUST_00239,860664823064ced05d323023a75e4506576fdca8ebc067bfd43ec7c5df67e678,13806.14,21,0
Global Bank_CUST_00240,a44cabfe6d74aa4b70688927e7196491b67aec9686b8382422d186e38d262c12,24938.48,13,0
Global Bank_CUST_00241,ac53e0f3c542ed71651fbc8ffc9ec056b374960252a2c576eda0773a301d5bcd,10916.75,18,0
Global Bank_CUST_00242,6928f093c670b6107049a991f071f0c60d7a807ed04f45029ebe9c463c732591,24141.87,18,0
Global Bank_CUST_00243,9b885235a74ba544687ed596c42dea56e616d9f97210afe0fbf47be8c46883c4,27087.31,24,0
Global Bank_CUST_00244,fc42395bb220f3ee7efd700234792f6a47d51b94a5a2907291f69bc3708d25e2,47286.95,17,0
Global Bank_CUST_00245,90c0a217e354c15a987e5e12f610c35ec5a893de0e5cc5b13995ba8b27e82f6e,20717.61,17,0
Global Bank_CUST_00246,b3e23ef38a35bc268e3657f928370199b5696d5d7cacdf45d845b137c1df57a7,12338.68,21,0
Global Bank_CUST_00247,d4fc4751c1d32543402ae3115e73d78d2e12759e62d27d144f9b7579991affdd,23029.34,18,0
Global Bank_CUST_00248,90f1b2009845808f531e2b9aa9b27f8e1e3d565bb08d1efef14c1092b4bee964,19865.85,33,0
Global Bank_CUST_00249,ef6bb16e600c50a499a716661602bac107c858aba0430160069fd50a8607f115,22827.73,17,0
Global Bank_CUST_00250,d554165fb4941258be778a655487171d38d5962094f5aabb85987cbaf417ac9d,39558.69,22,0
Global Bank_CUST_00251,1b3c90bbdfdb612c6b012c8c2eb1a8732c763ab1537d33f9ef206178140ad8ea,8366.79,20,0
Global Bank_CUST_00252,129a73fdaf1d223da7ec6b887449edeb94d6e0686d3f34f49c1949dd5223a98e,41397.26,21,0
Global Bank_CUST_00253,8f2113419999aa16f29b5e8ad312b9fca5968c417e403054d234ccb766e40048,20600.64,12,0
Global Bank_CUST_00254,f562e68cc63c29d3ff8dd0a00a06fd23349580c4f107168469e6f0921c2ed52f,13512.12,17,0
Global Bank_CUST_00255,50ded9da4a0ffdf790dfeb600b06b1c58808d74e35e0278dbb852f5af0e55fc5,11280.6,23,0
Global Bank_CUST_00256,34883e8dc52d263a5e467f661bfd4ad57825a3b506ddff120668ff622ebceabe,17399.79,17,0
Global Bank_CUST_00257,ca11f95a50c92f9ccd4b8f547016ac5c0fd9236cbaaeb99f884e3127d5b0c325,42310.39,26,0
Global Bank_CUST_00258,df579740b1650c5968f9c0ab8a85b41f4ad2c475497be865bb65d9ae1f28ddca,33826.08,27,0
Global Bank_CUST_00259,7753fa10035b1a789528a84fa720cf99a827ba112f769e8430693da50cb46930,16082.14,23,0
Global Bank_CUST_00260,41c144ffc8e7fa8ff38d2077199dc3c9f2a336fa4c3ec5960408704c6f111281,27005.09,23,0
Global Bank_CUST_00261,bd545392ddb672e861c3c5a9d4c965690f6a3688c3fada184863322503e63990,91359.85,23,1
Global Bank_CUST_00262,ff835b4b99c01c331c56085e9d525fca203b5c3421a293cdcff57164968ef9c3,16123.02,21,0
Global Bank_CUST_00263,4a25e0b1656756b0fea81b4da0dd36a4b3c209e2882b78e5ac63c0bdf02708ee,26314.04,21,0
Global Bank_CUST_00264,ce20559cd872530d635f7347743ba759f313a9b329e05034e3f4a45b442800be,23686.88,23,0
Global Bank_CUST_00265,22ddf63fd9217c8dcd01cc82792086573518fc29da25fb3050b2cd3038318676,33339.27,25,0
Global Bank_CUST_00266,a8942211a5e0866e7a5d3e7c5a3a8057464435187414bce49d81f1b74a27d72e,42362.0,21,0
Global Bank_CUST_00267,4589e2bf86d4496bce85427aac34271620ad92d948e39ab5d46907f056509abd,13926.57,20,0
Global Bank_CUST_00268,d8efcdbf1019b6f5729dc10a039b3b3c3291a4e22de59f525d39b67ba396a2fe,31498.87,25,0
Global Bank_CUST_00269,7152ce070961d5fa8dd99d57d761ab37c19625d781690863b82302da4e327480,54008.0,20,1
Global Bank_CUST_00270,677ce416f4a0c28871debb919bd9eb88d8c0258bc187f4ba7040198e4e0f6047,29145.39,19,0
Global Bank_CUST_00271,db84da89484e812ce85995b3853f16c1db8084a8c7d57bac121e83bae9e831e9,30237.54,21,0
Global Bank_CUST_00272,ee237958769ceee47275763b7d0909960315a63359bcd3a99624bfc3e40b63b8,24851.58,21,0
Global Bank_CUST_00273,67f27392befc47a150f7d100ac32eafa45f45550aed5e63602e6e7b3271d7924,16215.12,20,0
Global Bank_CUST_00274,3bf04a422e6e6a2b137f6297981db54c5259220ba6c5c2f3b5250d7a240506fa,34467.14,22,0
Global Bank_CUST_00275,b825492a8747dba27108843dcc98aa661b1e137e59e830476fe439ebad11e8d1,11743.93,19,0
Global Bank_CUST_00276,57e298d230315e3f681ed3e0fe03af27bf5fd940f79ae5ecca0c96f21bfeac32,12505.97,15,0
Global Bank_CUST_00277,981199db315ba869ad908266ba3ce6ebd31fe3424b061510b83fef71ec72a057,16313.94,18,0
Global Bank_CUST_00278,a2d14436558f10eb8af6b477be5001fb6fb9917489eec71932ab1df30be6f1e0,14688.55,15,0
Global Bank_CUST_00279,c700fb1b3b44a820dc776d4b5764b58c3bf88a18f0ab116b9c00d49c1547e83e,15243.92,20,0
Global Bank_CUST_00280,23664162ae71692064116276da6fdad99b50508eff322ac5a59b6ea5cb93c6f7,13138.1,13,0
Global Bank_CUST_00281,74b2956e8b2e977c783bcffff2e33034281f03c2e735d68bdddd9fb4a10319fc,22030.15,20,0
Global Bank_CUST_00282,7d77630f9c09f24aff8427abec4a05ef41c601911dee3ed2fa0437223605baaa,34164.84,16,0
Global Bank_CUST_00283,6c00b6609373b72ea7450a41344462b57b9c8c3c129efc6ffaa1cc7f331095bf,16555.16,17,0
Global Bank_CUST_00284,6cf93fb09e440e48f94c0b773fe9f245dc47bb65ff0f2926b2984e78713a972c,28665.93,25,0
Global Bank_CUST_00285,f4bcff9b9e50802250d7fa81605e1de0a2ee688aaa6905d7d5f7d97ec1e1a85f,31354.85,17,0
Global Bank_CUST_00286,5c466a0f23660df11e9b1f2f09997b294aa41b08d94b5c5fc405d28107a6937a,18318.85,18,0
Global Bank_CUST_00287,f7d59b6935d26dd193c914d6ba7e6fc0a349288b3984d06fde9453f138f459fd,20492.88,21,0
Global Bank_CUST_00288,60d462811c018b96a9e80966522e6ab8497647fd11d5798ef9fc2ce576606f7d,23477.99,18,0
Global Bank_CUST_00289,ade0ed334e127352815946c1bb04e73e70e5338a4d5fb10c46226d2d18d3e573,54867.35,14,1
Global Bank_CUST_00290,7159dddffbad393866b8017e42b1a1797ef835ff97da9429fcadcf4c05508b54,12622.73,22,0
Global Bank_CUST_00291,8e51bb6f585153ac45feecc7d1f7b07fb2b1b368fc8c95399793684c85862db2,65324.73,24,0
Global Bank_CUST_00292,1a898cd6f3bc861399c583a66822561b259189b8da6f2de9cfc45cf3647242a0,19287.95,28,0
Global Bank_CUST_00293,34b0d363f82ebfab07fcc026c82ae25cb818baccf7952447b24909b6a8bd474b,23478.86,19,0
Global Bank_CUST_00294,9c557611b9e689baa60f9fbbb0bd1924adbd3c2097ffa5ba2084397ec8e65e40,23831.85,20,0
Global Bank_CUST_00295,aaa4aa9161d58ad1aede855172bbcdcb3c327170128c6f333c954bde0f23e15b,9377.07,26,0
Global Bank_CUST_00296,19299aa3d3b6ddcafc2a54be8915dcf7ee4dfd64cf6d48c31b2d136639296b09,30228.47,23,0
Global Bank_CUST_00297,77e0e32f1c289008f3f6186436c219e15862ff856546a3ccad6caba70bc21a29,46697.8,13,0
Global Bank_CUST_00298,befd441350d7fc61ce23468b4b8c3c87da1770c99a7e8cea6fb65bcc6399147c,21964.47,27,0
Global Bank_CUST_00299,eb739ef80d985a8a3dfccf1053bb8f616c1d21ee7192e5aa757ef38cb7e3ea65,32951.15,19,0
Global Bank_CUST_00300,c4f428703b12ef9b71582132e96ebb7ede3ea16a0e0f1fbf2dbf8e29fca07f61,20522.26,15,0
Global Bank_CUST_00301,2d36d6ef7ba2288a9c8952e66f4ba6ab8333d9d06ca7483d0de5068d63be68f0,17993.2,14,0
Global Bank_CUST_00302,93f550353c107b78999f43c3b1481e8de93aa5996c6ee9aa08507fea94cc9ef7,8890.09,25,0
Global Bank_CUST_00303,d67b0f9fae565713888781079bcfe0766f06d4a6797239701b957df3102686b3,19868.03,20,0
Global Bank_CUST_00304,9b69e1afd44027df1b23c576632ec8e0e9122fec67f744c9ec4a2406db198826,15275.81,18,0
Global Bank_CUST_00305,6b6a8299ebdb379702bd25b991164d35bb0af93de5d877d49577023fdd3ff90b,18610.82,21,0
Global Bank_CUST_00306,c3d56128d4b3931abc122ac66f7aef14915eeaf07fbc5bfdba7bbd626ad94fc4,19339.38,15,0
Global Bank_CUST_00307,928a55e0991536d35e7ae1c65062aca70351dd34406468f37fd4ddfb76446654,52770.16,19,0
Global Bank_CUST_00308,305f0a99ac8e3a804e74528de61296949b280729c610e532a59b1b92dbec71f8,12821.55,15,0
Global Bank_CUST_00309,f95d3bfb6cea497dae786e57a063e3f98ec1fec9d32997db5ab108d7ddc3026d,15126.44,20,0
Global Bank_CUST_00310,6f7f1ea0b2d0283c9dc85203439d3b0122356f27da3c34dad9d02959eda280fe,7090.76,21,0
Global Bank_CUST_00311,4ab1bc16e208d5614dd6a9324484cf6a6eb328bcab4ae372f1174de0f8c8cf24,126429.7,14,1
Global Bank_CUST_00312,d31c82cb503f5adc5448124d24115a8b80045ab0b873a568029e91d501325269,15589.32,16,0
Global Bank_CUST_00313,99302896ad9f9b2f1bbae4bc65bafbf79c939a27f65dc1fc9f7e20227673d398,50775.62,26,1
Global Bank_CUST_00314,79f146ff298fff086c2723104d56da6c8a0bc8096eb578bd6f5e708757d58af5,18495.01,19,0
Global Bank_CUST_00315,6ee6113a85977bddbf3b7388250ceb6d0167155bed75b6d4467f77e385218a31,65686.45,29,1
Global Bank_CUST_00316,2bc3e3cf433f9ac9890627dc85a85a73aa8adf2838c119e682b553c71d4f3bbf,21634.38,15,0
Global Bank_CUST_00317,18ad4131833656f5c07ccf9a43c3a4be63dc955baf34ef0f8d4621981d09c0a7,11815.7,24,0
Global Bank_CUST_00318,928dffee8e4495eb1bebbde2ddca690fbad2cb2ae9b51e3aa6598805d698c2db,24019.89,17,0
Global Bank_CUST_00319,07d19ea2e654cd8e9224604776549a868dfe6ac33b836ee8a1975811be2c5b5d,9548.2,19,0
Global Bank_CUST_00320,0e90ce64f112ae911d4789199d4c42bc56ab5428ebfb9049c3b9ea79e5f0a623,31881.37,19,0
Global Bank_CUST_00321,4a64688bf56636c44f7fd6dec72b9c811623a53700eaa048761b7f143ab71083,13985.78,20,0
Global Bank_CUST_00322,e42388dd96dce1ebfb1af869b85ce8aab83c466eeb4939a7e63ec1ad052fc7bc,61897.22,14,1
Global Bank_CUST_00323,3a0b651869f0307ed3a0984956812567865baccc6a117ddc6728c7ebc760a878,24596.17,16,0
Global Bank_CUST_00324,c1c7d2eac9bc727efe535625f7b5ddf9e09ba1f7bf20c8a53e10ef3a66a5f17e,39822.4,14,0
Global Bank_CUST_00325,756e946ae051c472fef19525a82e9cfb9dc76c98ecf861cc454cfd8b1f2e1edb,20891.07,29,0
Global Bank_CUST_00326,923968d7d85fd6ba55e6532e8cd4a0f825db5bd235c272bde1fa1225721b2c3c,15709.73,27,0
Global Bank_CUST_00327,6e01bb0ba163fcc13e5dc0c321628ef6ef744675523832c25772a249f72caafc,56299.22,22,1
Global Bank_CUST_00328,dcae2d6692108a5cb201f5ebc72682716762f2b02c1a33e9116fa51dfccf35ca,25775.94,23,0
Global Bank_CUST_00329,eb17818e8c51fc5b43ae4cd0a82f237df923964e4fa11b5f78664fae4e862e25,27869.82,19,0
Global Bank_CUST_00330,0cfacaf40083baa9f407286abf032200312479ca1e1216dc0bb8e624bd323b9c,40820.79,18,0
Global Bank_CUST_00331,1367da6e872fc4466b96a6839799bcaf3e36a51d2fa1f0cc1d27fcc5078382e0,23717.49,22,0
Global Bank_CUST_00332,4c5953669a9294dc0b0c39ae41a3f06a9f95b339377a407297ddfb6827a481e0,18177.17,21,0
Global Bank_CUST_00333,dc5fcc256e9223998f4bc40ce879708cb14cf469f218e283d95edf45e0291714,23618.73,28,0
Global Bank_CUST_00334,693d3a5c016028da300115b033d174c5688d8ef3a64f588d69251fece37087fa,20345.01,13,0
Global Bank_CUST_00335,564623f753572c490fcf347107f33f17271657ff7e8b91a092a022145e3b32f1,20267.33,15,0
Global Bank_CUST_00336,0ed3347ae491d3c1fea54d3bff25dfacea9a56afce5b5e494f9af90ed863b354,19381.95,21,0
Global Bank_CUST_00337,696ef0fc54a4e33e18eee06b03625998926444f0d44dc6684a2d94db734cf6d0,27232.7,15,0
Global Bank_CUST_00338,1a863988409e75533ee2f24899e6daf835c7d8f8181db1dfb96c752f93a8e870,16726.05,20,0
Global Bank_CUST_00339,2e06eedadc4232346810823f6f5484fb985f9708fca74efc115d51a65dcc948a,14094.14,17,0
Global Bank_CUST_00340,2250a0255c6ea989f04c23ba6b99fe2adbf834e4ce6fc185f8eedc7865dffc08,20247.77,17,0
Global Bank_CUST_00341,960db13f98e9bdb7807fee174175319449f702a6f52e508dce18a5758507bfd5,14987.9,24,0
Global Bank_CUST_00342,97431ddba0b2b4aafbc8941291687d33bfe1ab8697a35b3ca7b990716f958616,6447.98,20,0
Global Bank_CUST_00343,dfd9fd1671caf3cf42e1dbd47d2b10a7ef6e134bdd077ceead9f94714341cc04,17247.44,19,0
Global Bank_CUST_00344,07c6f0992463c2c40def19aabf575b3601e82c8be39c55c35225b10ffe0dd92c,24431.12,27,0
Global Bank_CUST_00345,9fd708d6488fde2661345c0bf911b5a9c88dfa64f37edec8e7e6e5402300ebfc,23198.84,27,0
Global Bank_CUST_00346,49ba74c21f3688a24fcc6a58eac36d190e3fb23eb9f9b45356be940d34110a66,9631.89,26,0
Global Bank_CUST_00347,b7b95bccacf81ac23d9c4d3110037246cdbc5cc02b3bfab6c8f8e2dc5174848a,16964.68,25,0
Global Bank_CUST_00348,6b5a23370f30e1075199fcecbb27b2ca4559ed8a1b58a6d4c19d4f59c3b68eb6,10946.59,22,0
Global Bank_CUST_00349,068102e1ef995f136ee2348555164c53219834f2f26548279717a36e041415e4,28520.98,23,0
Global Bank_CUST_00350,18cff881872419742cbe37136063e4626a3c9010fe398e1152f7da6db03db12f,20556.47,19,0
Global Bank_CUST_00351,0cbf98ba95e9abddca685be9efb2bb18c7a663aeed9572908e2cb6a6aafcc847,8695.1,17,0
Global Bank_CUST_00352,93b0e624b68253e192e0e79944a8c7d83df3f524f74ad06c6a74c2e6d72cf51e,11579.75,19,0
Global Bank_CUST_00353,c317b15b050d3546a98e09ed4181516e87151914ec0cfd668291ab1b2ad82fcf,11226.61,25,0
Global Bank_CUST_00354,63c56a4f0439dfd23c4b5d6384a34c35b33c6e12f61e64f71a9919d6b902f98a,15231.53,21,0
Global Bank_CUST_00355,47a79fbaf0f7d9689af79a4eff8f00b4770e54997b217ad9cde094eaa07aabb8,62791.5,21,1
Global Bank_CUST_00356,c3903e235ae943f50c84896ddf38ce386c9ffe12bc75194095858d593de3774e,17696.95,14,0
Global Bank_CUST_00357,88a1ad59737f5eb185c91ce1a8e312bdd84153773430d6cb389f4ae952da4856,16364.15,10,0
Global Bank_CUST_00358,1fbe049761c1deeac82fe0df14dc5a476a9d096bc7e5110819db48c5227d522b,28797.79,24,0
Global Bank_CUST_00359,e882bfee034a56b5b0b2c3187735ed5f852e8f45b046405248c119313d9c164b,8028.89,30,0
Global Bank_CUST_00360,e76cc2e6ace464b19a3ca8026c12fae9ad8a74c13361f13fd256be1c8807763e,19703.83,17,0
Global Bank_CUST_00361,0754243bc1aa57b862156e712b55ea07be1ea8380c1e95921a14c1716586fd1d,27228.8,14,0
Global Bank_CUST_00362,ab20aa26978f5abaeb378e2b40b25a9bc1e8abe5064ce3c41cc3d0fcf06ba66d,59565.4,25,0
Global Bank_CUST_00363,d80d30d6a45040bb471b822d5e7f0b6184274d01fddc3a5a9378dc4f120cd101,22883.37,20,0
Global Bank_CUST_00364,653e89c3e1e76b31ba5ed5d0e64ac7d34e6bd2b2ee3e4963776a97292a59990f,37358.56,13,0
Global Bank_CUST_00365,c67e352701f5bf7ee9151950a772a984d2bf3ce381be16e5a61550bd246a5806,14357.01,21,0
Global Bank_CUST_00366,e69bc10a29a4d7e67fff04ed09088b52aa47dc33a5d1aa6345054e88f6068e54,13223.97,16,0
Global Bank_CUST_00367,4bd161455e39db117bfc22e5729bb2dbd74782de8710ada9796220fa2d28d2e9,18935.85,14,0
Global Bank_CUST_00368,ccc191adabe5215dafcf2fe6c82cabf12943d038e694b335ac5dc78e3ee3c078,10728.83,13,0
Global Bank_CUST_00369,b4e828a2658ab30a722da63fabc398b59629b1f550cd4b3e2c994e987d9ee788,26980.76,24,0
Global Bank_CUST_00370,14d87fa46de5e1c280a97e67fd96c6f0faa3bb8fc919f054825c0d8c573e59d7,17515.68,23,0
Global Bank_CUST_00371,62823c048b251522709dd1aebc155d041e649e119332562fbb21fb3f817ba270,17756.24,19,0
Global Bank_CUST_00372,0fa69faa7fadf3327fb5aa300e1d591b8bf9aa61bd2d6d36f253e97921587b9e,29175.31,25,0
Global Bank_CUST_00373,c77629ea296f7266c3678c5a0367e5d4e65e1efb20985743b5d54f13c0c71fe7,7486.7,16,0
Global Bank_CUST_00374,0be72d450e82884c0f439ad27deacac8424fc1de97684515cb35861f9599890d,20229.5,23,0
Global Bank_CUST_00375,e660e901bacda39c26716e910185dff4ee60b2d2b0960dda629d6412918a373c,14329.18,12,0
Global Bank_CUST_00376,47bf36e118a833f57216a1d61ef846ebc56313d6b830e08a62a63cd7493536a1,9488.54,26,0
Global Bank_CUST_00377,c86f021bcdd8e26911a0905585bd4c8cfa7c8a195ce19cc900caac984e35d6ff,69645.53,20,0
Global Bank_CUST_00378,e31c09749e4ce9f0e117269d29366be59c55241eaf7df5bddf4e15b3351bfd27,15404.47,15,0
Global Bank_CUST_00379,ea74f37d7ea8f0423aeea4988ef217ee47819ab17eb02c54b5d6c70b161d8665,14964.71,20,0
Global Bank_CUST_00380,160d358432891609e9c08098d5a22ca7392653d402605e812cc8f48d80f2941d,35265.45,24,0
Global Bank_CUST_00381,b322030bc9b190238907bbe35af5fdde813afa92c0fa55ebd11dd2932984982a,11011.3,19,0
Global Bank_CUST_00382,699ef0de1bed3d35ecc869b019ff5d250ebf1e70c1ba43e88fb0507a790133b5,40478.52,14,0
Global Bank_CUST_00383,04995877cbef543f557c09f8e8225cc9cd417384a6c2e25fc5c4d2c5646d3c00,22940.79,24,0
Global Bank_CUST_00384,cc32a3d147d806de5d581bbce309feceac4b0a17c720f48b4c81f23bada8b088,13177.42,19,0
Global Bank_CUST_00385,3974159a5d3de231b540ad244bba11ce1bbbf39f4a2a391e65d5f50f549d670d,26877.54,21,0
Global Bank_CUST_00386,8800f8129a27de182f7c824e1f38093a1a88e9ec912901d74d1044f2e7b67a06,14181.4,27,0
Global Bank_CUST_00387,82a418248e64feb919f413e3befe562c5d86dbf2449e8d8d5e85c83619d03a23,16375.14,26,0
Global Bank_CUST_00388,caf9caa838b6b64ba8f15c01aa9a7bc34c6ab6784a702b67bfe341045df94d1a,16435.37,22,0
Global Bank_CUST_00389,09870f44fde310a7b64ce92fb3b3d5865ff4022c37f62e76ddf5fb24773165f8,24958.23,20,0
Global Bank_CUST_00390,dd6b1353e452d0da042535179626b929bc932b57220dca375b8f511f3f3a23cd,21558.61,16,0
Global Bank_CUST_00391,fde62b86519074c71d5a8c68e2114335172a5a6b25794a3509f85dcc3fb95c06,24327.0,13,0
Global Bank_CUST_00392,954e388be5c412e1f0786e5a4ab562531f5c5c65513268a330f913c3c01240fe,14831.54,26,0
Global Bank_CUST_00393,6ad19c35b8226123489a83462ee6b755ed296d3814e5bd6ab53f08604b79658f,10731.37,17,0
Global Bank_CUST_00394,f55f2fd0b47387c8b4ba3d79bde8ff2aa38e0c2a592d1486b51756f1a865d1cc,11491.59,21,0
Global Bank_CUST_00395,adcdfd4d355ba78baee4bc3f35211483c2ef9b9493beae2944356e5818255279,21332.3,15,0
Global Bank_CUST_00396,59ce64810a4d26d932cdb3e6a9af3ea46cc58ed7f1f6fe963a9be79d32b0bcb6,22004.6,22,0
Global Bank_CUST_00397,5275c08857209baec7786112ac65fb58eefe16ca0870e0155103258efcb3e34b,24479.85,10,0
Global Bank_CUST_00398,c7cfad334fde5afbbd7963cead5ade2279e62aadd859cd2b19d22da5325f2304,13950.73,27,0
Global Bank_CUST_00399,b6196423822c8bd2c769c58126ae8942d22a8adc7fb356a2f1ed87b3e6789f6b,13364.8,29,0
Global Bank_CUST_00400,4b9e417acc159a2b270440145f11fc3e9f3f47a2ae6d04a571364081d8c8b6c1,18831.81,24,0
Global Bank_CUST_00401,28222d9e7076805c577bf038bfcf0c3b83a581d19d73d5df720055dd3e276865,16526.01,19,0
Global Bank_CUST_00402,6110f6a62d024ff5dd5074906e44e092635262c36ea6251ac5c64bd2d3c28fce,10178.77,29,0
Global Bank_CUST_00403,df7634ea06d2da8cd97408a5aaf6ef908e6ac2b31d904f89a2359b92b37bbfea,23794.54,20,0
Global Bank_CUST_00404,44cf83ed6ad4977b6e446abe684582764d8e9da3efffeaf5d74d498fefca95dc,11494.95,17,0
Global Bank_CUST_00405,c853cea1784ed747f80bb8c998aa17bbc176996b7e947edf6e1f9639537d1d66,12038.4,23,0
Global Bank_CUST_00406,c4b68447639fce320ae6acff0637df788e5cd451abbc32ec5589c5748db65ce3,39649.92,12,0
Global Bank_CUST_00407,9b79e67c929f5467a53f76c5091f0970b33a638f0b61a1f1bb87ba07d3dcb109,27660.47,28,0
Global Bank_CUST_00408,8ba999d0f299dbbfa4c7da834a42ebee1e48c3844ae301c48eba3845953e7452,9064.31,15,0
Global Bank_CUST_00409,681005d5e875147a488cd147621541750e5e9295af20255ee7ded5999f936b0f,19216.62,18,0
Global Bank_CUST_00410,cb37005502591f641687cd090f88aef7989e3532b5b230b946e5076823300fcf,23559.37,25,0
Global Bank_CUST_00411,d1895bced2b6e0a310885148394edd4a00c3c28259b8f79e085d7269bbec7ac2,20170.49,24,0
Global Bank_CUST_00412,5b8d25f02abaa1e7c5010c27bc8d29b822268117d031d4a9984f75b150093588,39895.25,25,0
Global Bank_CUST_00413,5b40b60fdfe624f0980a1f6d638c9c59fc51d515f0c59b66f916bf6b196df2f5,27182.75,15,0
Global Bank_CUST_00414,803c587c4e1b2e3631249a74f8fa924667bd0e0fd54abb4d5c3e2318a02dc3ca,14031.72,26,0
Global Bank_CUST_00415,bd4b575bf6b5284fcd57f922cba1bf945efaf8310d8a2069ba0eb845ad612c21,7340.08,25,0
Global Bank_CUST_00416,09bb031837997e8172e97b1720a58b2a96b07e78fe65cafb321916bb4a5ae6ec,18723.3,14,0
Global Bank_CUST_00417,8091b9e42e710f89eebf92eaeb7faee5300181ad46194144e6cd783973d11459,59104.28,20,1
Global Bank_CUST_00418,eda0c9fea544f383affb61f332f4b844bd20494a0b16644dd0b33824691075fe,65611.02,22,1
Global Bank_CUST_00419,e11f2170ab2c531f57673476e7e532d6764e23187a8d59c127fc7cf346ea2ba9,12378.58,17,0
Global Bank_CUST_00420,c16d3c2f60ff659b40a0cee410b17167bee20d3aead772f8a2ab7a57086bc0a7,22584.48,22,0
Global Bank_CUST_00421,9ec16515f787f9d835595448432fbd61aed96ec53655bfda2fb22e5bfe0d1653,11693.56,16,0
Global Bank_CUST_00422,597c56f1abf7befc33a40ce28777f43699f16b86eb86402dee223d714c6808f3,47299.68,20,0
Global Bank_CUST_00423,2bd8c945549366323e7c432efa1badeddfe2e2a7a4131ce1032984210628fc2f,23621.21,20,0
Global Bank_CUST_00424,66332fa6b27659e30a52582702c55c2ff7ebc8db39e0f378116c3d501265f100,22336.22,22,0
Global Bank_CUST_00425,ab7da7e71369eb79e66b8017c92b972ceff1640953ea4a289a8ecda638a8c8eb,35607.0,24,0
Global Bank_CUST_00426,73d70526048536866791c05cc68bba9a03abda0d73173fc5b7eccb2773cea996,9658.73,15,0
Global Bank_CUST_00427,7817463afcfe8b6e5a51a65a2efa0710f5892f4fa181150936644b86177467c5,16698.95,16,0
Global Bank_CUST_00428,2b90ed7ffb7fd8c92efee8b9e885e881cecc67f6ec1677f0ea174af82c631554,39374.41,22,0
Global Bank_CUST_00429,5c842eeb63ab4415ff259b70e85b7641513d7b3777e79d38eca06d3cad3bffba,12471.83,24,0
Global Bank_CUST_00430,137e0db8889e473aa935887d1217a3abf43fa617552889a1f6215e738dfef2c7,17431.38,20,0
Global Bank_CUST_00431,d5809fbd76ae09eedb8f349bc9e099ddbc4a1966a029dd616b6deb551c2b34f6,32745.67,21,0
Global Bank_CUST_00432,e3fbd358b1d224414d6a57b3d25b928118cda3a5d6d1f98741096e9d0c64db12,44835.33,15,0
Global Bank_CUST_00433,aa073363da8539ec0d25f1f9d2a34e9e4af8d84f18ac121486d0f050e26681bb,12199.17,20,0
Global Bank_CUST_00434,d2f161c750d47815a37e4f8a825ce17dfc25d5fdb0fda796b1b1065eaf81351b,16644.65,22,0
Global Bank_CUST_00435,338aae7c76d7f854a45640fd2991ba2da04439ce321d7d2468fa6128bf139989,33935.96,26,0
Global Bank_CUST_00436,6d85c05e2ae3c6dd7ddcf6afc563834a42487215024c1b3c7cc0ffb5b61bf0e6,23272.86,22,0
Global Bank_CUST_00437,c94f0b201c87991a5397fdaa5fd0ba27c6e9898de0abaea65d97720431b6b799,12954.88,18,0
Global Bank_CUST_00438,69c6fb940479c0f7f0263ee2a8e42fc3bbc9ad9e4cb147311de948b4ca57612c,8857.71,32,0
Global Bank_CUST_00439,5343e10227633ff59e3800320261e9c6f6211e742cc9824374d63c0e6c7d75ee,8253.12,28,0
Global Bank_CUST_00440,cb3eed69bd40512675924e2fed7571e3a4cb56930a4344f54a95ac3f907d395d,59894.65,21,1
Global Bank_CUST_00441,b4d4de1bb2e57a5bf0fb628472948d8b5c40194c4eff23d6e7c3cd30c9d9ace2,29463.17,14,0
Global Bank_CUST_00442,22bb94a0356b22b8eef5ac0c7cc2256c6d3f89360725c651c8182a10ba036a0b,11627.61,16,0
Global Bank_CUST_00443,ff06f4037b7d770c11c2075e713fab85202046a4d0b90a71edcb5e47d86ee028,34356.53,17,0
Global Bank_CUST_00444,b878a87b2aa24d91340e88a69da6bae19b70abbc10de9a81125d9d0c7905e509,8106.5,13,0
Global Bank_CUST_00445,2bd88338b55f4e23b1ffb7149b1cceabd65e193470b540e2fbe00c9de0395ad1,14866.66,14,0
Global Bank_CUST_00446,a7dbc113973731cdd557ebed4ba9400d1944e159b38d6eede04685723301632c,35319.11,17,0
Global Bank_CUST_00447,f36702ac7b1638d3a128666a6360faf9d2733cc67d053edb113b9fd3e52ecb42,36590.94,23,0
Global Bank_CUST_00448,5ba5e64d5828f4cf88dc2550460a2652d0a5df85db5bc3b4fb2e314cf711ac5e,12977.76,23,0
Global Bank_CUST_00449,3d6c20062831ee3e66144787154d99b92a1566b9f7e2c81c4767df322c3d5782,27838.93,18,0
Alpha Brokerage_CUST_00450,bcf8b330b8ee790a4dda436ba8fa29e0b56a3781de13a38ece0c04465796a2c8,17714.16,13,0
Alpha Brokerage_CUST_00451,e55d08f9cef0c656b731b39d1b894d7c7b002f5c044bcd6f146f569ebd965a8b,17315.71,23,0
Alpha Brokerage_CUST_00452,93b5805ddbe38483855db1ebdfdf5df967dbcb9a815ea09818df9f2a842adbbb,17071.34,19,0
Alpha Brokerage_CUST_00453,1f816578334f5d3fa1482d0feaf3cee583b301392e751309b8b33efeb3eec4c6,13977.79,20,0
Alpha Brokerage_CUST_00454,6aacd8d7e6d3937ffa3951507321d74fe209285afba8ecedd35240b563333294,12094.84,15,0
Alpha Brokerage_CUST_00455,164546ab53ae65541758cfb0dce457eccc1ddc446e17048ef0c7b98f61d12bb5,20949.92,7,0
Alpha Brokerage_CUST_00456,2ecb699ef75b1e8746984c56f3ef8eab861e55c58db24105dede7334db870fa4,11750.39,24,0
Alpha Brokerage_CUST_00457,5ecd29e86f0219dfdf253fabaf922b7c74eab9c8df0dccb2cc468eb884b7f7e7,31057.37,30,0
Alpha Brokerage_CUST_00458,2b4e92212481df858a5c2af570a66fda9b46ddb8ff39806f412be3abafa819c0,22555.74,16,0
Alpha Brokerage_CUST_00459,02a444a1be3bc631f1a515a13af8f584f818f4368ac031b9f25d6bc3080a9e61,48317.31,15,0
Alpha Brokerage_CUST_00460,7c039b584fed870635af6adef054b337179b847a36692a601293cf1e9d957aa9,20335.13,21,0
Alpha Brokerage_CUST_00461,e9d36688373a072e7ceef198135c1303f867dd178f80dc862d48d4f3e105b75f,29186.67,14,0
Alpha Brokerage_CUST_00462,218917f757af06739983c6847d07dde19dbd002688d105adf49b788864f5826f,21794.13,19,0
Alpha Brokerage_CUST_00463,760378a82d1226544aa903eeaa57a14f95cd122bc592d6fb5b365c1e3eaddcde,64891.21,25,0
Alpha Brokerage_CUST_00464,f8d1f3750bb3bf8212cdc02d757483851786f379420bf379aee3c286e5ef9cce,22772.77,18,0
Alpha Brokerage_CUST_00465,4247b3dadf8cdf385145711cc184e250b4df75a2a29cbf771def83d185ca539c,15687.47,12,0
Alpha Brokerage_CUST_00466,36a81e23865e5b91349497a31a6c0337fc84dcc7c0113d7d8ee17f3aa9568fa3,25526.44,19,0
Alpha Brokerage_CUST_00467,3c7112428bab19d25385f8c420e87e95e61e7b275fea3ba4843e8b563a0899e0,42465.54,14,0
Alpha Brokerage_CUST_00468,b7922745ebe73b7a8666c8435e84f2cef6d2ac0aef93a6c42773e2e4e120a1c7,32523.31,16,0
Alpha Brokerage_CUST_00469,f28f6e1dc2675f82409f032745e5c8572761fa45ad9884339d2dd494ece4085a,21424.72,12,0
Alpha Brokerage_CUST_00470,d711e180ce42850043d73feb92459b0b6888af910da877f1c2a2f0e620cf4570,33559.11,29,0
Alpha Brokerage_CUST_00471,651407f617b2168678db083815f656189e94c2f69639467b0454d164f574e10f,20264.31,19,0
Alpha Brokerage_CUST_00472,55bbb8d3eb58eb91059a13b168adea6e12c7a84e8931f200f0c45f0ace0c7b5f,32060.89,29,0
Alpha Brokerage_CUST_00473,1ce46b3a60ab343b5784d50fa754b6eef79ee55d43725b95b1ae5401b38a6155,34595.36,18,0
Alpha Brokerage_CUST_00474,62c4923e779ba5f8322badd63c7a6af07654f97ea1dc2107114d838d92b8b7d8,35637.96,22,0
Alpha Brokerage_CUST_00475,cdca65f4a00735744c5c0f2c59f9105e85de1ee5dfaa09daa25d199d6bacf54e,40876.62,23,0
Alpha Brokerage_CUST_00476,8a2ce774711d65599580145e77d1205749bfff3a20a72310fee65fed1fe9a241,25404.99,21,0
Alpha Brokerage_CUST_00477,5ee35f2990b6fc0a4e7cddec68c494aa55c81d099ab1ae12193b696db3538fdf,19188.01,17,0
Alpha Brokerage_CUST_00478,9f375f27fb0f1f58c1bf52aa7800d148ffe7be60627fa606216747b13384af59,13175.64,19,0
Alpha Brokerage_CUST_00479,2781b196ce202c7eb9b80dabd2933720aaa997683b55efd32e8e508d8c0cc94e,15885.74,20,0
Alpha Brokerage_CUST_00480,ad8c56637424e0fb0913134040fb9249c9656dda750b440c89cf2b5d1e2a3221,28810.69,16,0
Alpha Brokerage_CUST_00481,a3e1912e08861a61d07b90e7ea3d181032040befdb7b596e82d495d208ff1aa0,45968.92,21,0
Alpha Brokerage_CUST_00482,b3917b4117be8117b712ed085b011fc66487cf4470287b68c10a8856a38dcd7e,24285.87,17,0
Alpha Brokerage_CUST_00483,9aa73e5b02dc4afa28f589608744cba38d69725cdd9ba1758b227291193c6070,17236.41,24,0
Alpha Brokerage_CUST_00484,a04e938db443f695c0c8402aea9820cc87c33c76407f77b8216e15e8325aa8ae,21366.26,28,0
Alpha Brokerage_CUST_00485,12a7beb98b37cd0ac30c883a1bdc5586035d6bd2bf8ab717c92679756e445a7f,50141.99,11,1
Alpha Brokerage_CUST_00486,dc4bfaac73ba614769cc541f7977bb3cc217e65c28336dad1b9a7083a13ed579,35819.85,17,0
Alpha Brokerage_CUST_00487,ab3c5c42e477312921c8c0e53a5de5297361c8ae2566b333307576be44f611d1,32206.32,15,0
Alpha Brokerage_CUST_00488,07f45b7a3b831f1720f2e4f2ea7fb6449be385e3c0791e4fd5404b98d017067d,42339.69,24,0
Alpha Brokerage_CUST_00489,f8f1acc52867767e0376d5f4078ebf4b60f77d279e0ebe28d0bbd6a0b779f550,28912.26,19,0
Alpha Brokerage_CUST_00490,839c3ebb463dad999c44c23faafd8eab51035ed2b4e4f3734e66464938cd5fcd,23689.67,15,0
Alpha Brokerage_CUST_00491,5d6f071491a9b8b6fd9d72960b2ed81f337296e9d713d3700d32df5df53c7951,24201.84,17,0
Alpha Brokerage_CUST_00492,d6dae4ba55dcf88b06da219a31b6ddbadb660843d54f261570487afd9776b3e4,18606.21,27,0
Alpha Brokerage_CUST_00493,ccdb755d208ceb775c7f3a6a6e12b006358acd6f02bc56f66118f9c95b574d50,13588.6,16,0
Alpha Brokerage_CUST_00494,16a78dc0c815a30dc80049de6ce2217daca82d5b0e343d7be67496de51e26153,17215.97,21,0
Alpha Brokerage_CUST_00495,2a7f67b34f0f9f05e33e24e123e3340267d4a3973a19ee09320ba18504420c98,19471.83,21,0
Alpha Brokerage_CUST_00496,debbfe3cbe9e51a6dd439db5901e8f9eb82343b9916a4862d215fbe11ff06248,51021.13,19,0
Alpha Brokerage_CUST_00497,bb7fd110ec1eb9036a34d62c023d770af23363988b547d9755dd3c99784c48c5,13071.65,21,0
Alpha Brokerage_CUST_00498,dab113e1d89c382ccd8c6bdc4e6e35279baba133f15ce54d6bb4218810567609,24698.65,17,0
Alpha Brokerage_CUST_00499,023c1f1a5a57829e91c70899c1ff89fb1b20541c4a2d0b17e04c275504b15190,20556.29,12,0
Alpha Brokerage_CUST_00500,125cdbb84c08ad16638efa1b4e864885b9694d135f2bbcd455ec358bca9899d3,24996.54,18,0
Alpha Brokerage_CUST_00501,cfd000899d263842a49fac6a57e9fdd2b4e8a61fe1929952472a9154ad48fdd3,23243.1,17,0
Alpha Brokerage_CUST_00502,630b87d02bb8b546b3418c03286f3f0fe2429ec0bef73919c5ae52662feee32e,11319.22,14,0
Alpha Brokerage_CUST_00503,e9f086d9c8bb60415577f936201d571865c33385e42551c20aeb45603cb41739,16133.55,18,0
Alpha Brokerage_CUST_00504,eb80b4264a82cfc1e2aebf9be05f480e6c0a9d30f36e556e355f80096c5f7a9e,21955.71,22,0
Alpha Brokerage_CUST_00505,9dbbbcf73e2e44b59c0460bae5b577f7f387e12981b353e5b557f4d2e157890c,81411.48,29,1
Alpha Brokerage_CUST_00506,9ca40b013925d6c087ab8aee2eec9399d1052111c8ae971fa83ae720d5689854,23832.25,18,0
Alpha Brokerage_CUST_00507,95a9322902bb3b9da5779cc44973ba5810854a387cb8c2c2db7c68df5526b9ac,31784.66,18,0
Alpha Brokerage_CUST_00508,8b65e41e55d8de44c44690af5c753d1fec484ffa75d9954f0881ea31ea88f8b2,26306.84,17,0
Alpha Brokerage_CUST_00509,24e216ad7c4b4a580dc882f6fe4f4cf0eadaeaac8cbf158f923149c2df0fd5c5,24546.16,25,0
Alpha Brokerage_CUST_00510,bb9b262388c0aeb9408daa7682c56242b6a1a0db7a36ed80d8513808e838546b,11508.65,18,0
Alpha Brokerage_CUST_00511,6407ade82f24300668ae89f0f91a9239f70706aa414f875a7067740cd20d6a87,14494.77,18,0
Alpha Brokerage_CUST_00512,0ab2078289d08302ce5fe1b6ac401772aea222a8956157aa8ea882ad51c3f375,16366.04,18,0
Alpha Brokerage_CUST_00513,cab4c0e67851d8d62856330f7093c58fa390a7361214800c6c1a901d40c04baa,19717.63,18,0
Alpha Brokerage_CUST_00514,2582d0abad1acb5dfc3857ed22be697fdf13e9b26e29930289c58b5584700d76,36128.62,17,0
Alpha Brokerage_CUST_00515,ee4b8e4d06fe5e731490ec87b84038baa9c857712672ed9442ffd485fafb6cb1,21281.41,18,0
Alpha Brokerage_CUST_00516,d16ce5301a703bb74267d53e246f4008c26ac5fcec34020f869d58170134971f,30612.07,21,0
Alpha Brokerage_CUST_00517,be7699bd350ebacc9d87b83ad2c539b59f0faa18095c59964c260d083c01ee54,30807.06,26,0
Alpha Brokerage_CUST_00518,cfb712bb71eff1a8475a5cb8e307bc26265e90814acc7cf47119d33ab695590b,25575.14,16,0
Alpha Brokerage_CUST_00519,e8ddb8eda07cb407c90cfe8021f0ebacea9146bbac6375e47435be1272340097,14720.19,21,0
Alpha Brokerage_CUST_00520,83452d3dcb2cd8888d49492f32609297987fadc1b27d5569c9fd561303a2f791,13899.54,29,0
Alpha Brokerage_CUST_00521,160aba0c51cc84219d5d2edc00a244241332224f45a7cbb6450d2c647f407496,37841.39,17,0
Alpha Brokerage_CUST_00522,c48b6828187eee7f49428a52de4ab5779aea224a5acc2c969538c839c30e5745,21715.44,23,0
Alpha Brokerage_CUST_00523,acccab61ec7788e5ab3a1b290432693e0b1140c263a8fe0d3545523b07b8fd10,14664.58,19,0
Alpha Brokerage_CUST_00524,b41bead10d8f1a9a80a7a4b62045f530e2f6fc6106b7909d07ae1837a43d280c,20684.15,19,0
Alpha Brokerage_CUST_00525,7d2d708e1f5f8849cebd8ec879545b50c5b7d30a82cba3be7afdefb9d9558758,18891.12,20,0
Alpha Brokerage_CUST_00526,720a0af4d86cf1b97baee5a49fde1ca0baf2793bef9bb31dcab0c41c2ab44bbe,19770.33,19,0
Alpha Brokerage_CUST_00527,e701738413e47f077ab8ae4a0c1ce1559ec2f520388c076bb351e07a9b7c8cf6,29043.4,18,0
Alpha Brokerage_CUST_00528,162c6fd60a8120364424a97f32e4ece5b5f2dcdbe70a74290a5c20003eae7a15,20668.03,23,0
Alpha Brokerage_CUST_00529,eb63319705890d9b956ac0f0572c08d14ec2d3eaa31d07377c605b3e27e02453,25269.15,22,0
Alpha Brokerage_CUST_00530,a5af1e52978886d6364dd8566b32c4f949968bdb73651edfded841a6ce91d6f0,40529.16,17,0
Alpha Brokerage_CUST_00531,ad01fc0a58ad6c16a6f14a4a1dbe0d8c6580b2e03d805ded4f86ad75a2e9d235,56556.7,17,0
Alpha Brokerage_CUST_00532,02d80a9b41790c53f2c83a286a572e43b74f18bf8d7b3a99909d64f0a5079736,13681.07,22,0
Alpha Brokerage_CUST_00533,bc661dd3df38c0d86cfe139961ab108213b51415ab436f7a2cfa1274ebf20f39,42818.13,23,0
Alpha Brokerage_CUST_00534,4c5a02cf2b419ca15e5c2dc518cd3634e3ad3a8beac6aa9d98ee0fe268c387e8,42636.13,17,0
Alpha Brokerage_CUST_00535,daaff07498dfdfdf546bee55b96c257786315e5690532971454ec391944351ae,14035.39,23,0
Alpha Brokerage_CUST_00536,b1c7cab098513e9c355f0203f26f2d6169256db03e1afd94607d86412831ad7e,39051.28,24,0
Alpha Brokerage_CUST_00537,e385a5577381328eb6ce35c2d36553940b822c21d373f862530cc44c06edcdf7,16688.4,25,0
Alpha Brokerage_CUST_00538,d27c123e5323d14695ff4ed3859633d0c6f04c08703dc220ea9ad097ee81a007,21901.33,18,0
Alpha Brokerage_CUST_00539,0d0eee1ccf1a35bc9909ee8911f501bf6278928d4ad95d2f07133331429938f1,17286.7,13,0
Alpha Brokerage_CUST_00540,6fc551fbb32a3b3905b44c8523e2436bd0a3a890c6fbb73455269f5d1e875050,17372.64,18,0
Alpha Brokerage_CUST_00541,e2273b5f59dccd2bae4c8131ce5522a67342a9e4916bcb2c57948b7676127027,34472.99,21,0
Alpha Brokerage_CUST_00542,f19494b817476ebc0b27a6ed036e832dd5533fd28d98963e52ff610010acebf7,27377.72,8,0
Alpha Brokerage_CUST_00543,f952a8f4e20c374f47a27ff3c68528e24b638e490734affd14758597fc672622,40244.62,18,0
Alpha Brokerage_CUST_00544,1ec6e9757397da83eea59f48dfe38527a1ed61fb1fd5a0f83c83166d317b8677,23678.75,19,0
Alpha Brokerage_CUST_00545,dbd86520bece5a177c62b05e1e4b5d44bce4af74c84ff39f1404fa11922431d8,38032.44,24,0
Alpha Brokerage_CUST_00546,5baca6dd72044d38677fe644669bc9543f52daacd1efd5cb5defe325dde03319,15635.04,25,0
Alpha Brokerage_CUST_00547,6bea2f14dcfae777cf996779f6bce3e0f8b26624f1ace1d28eb782230c89cd0c,40820.09,20,0
Alpha Brokerage_CUST_00548,5a940046621c9a1c3e43fec7e673f727cfbf55bbad8d82cf87a06c038f35a43c,23784.16,26,0
Alpha Brokerage_CUST_00549,534296bf547417b889b67ad51b8a08dba93147d5ea572e2a7f7ceb62deebc696,13810.03,25,0
Alpha Brokerage_CUST_00550,58a32660efecc9622ec09b805d0754d4c754efcb82c27d9298d1f7b47385d49a,13246.78,14,0
Alpha Brokerage_CUST_00551,689ff1780c0fb8ef80a58a6f1075e64e7aed08b45d1623c3781c1ec40c80ce11,12517.59,20,0
Alpha Brokerage_CUST_00552,7353d791ba63e851119c0617704241ba320545859725fcb37a6c4d9e7f18615c,25723.75,13,0
Alpha Brokerage_CUST_00553,ed6907a4cebfacfb3789e5e538476f249850e86767b9e2c1ac55102c3fe5d70a,49350.68,21,0
Alpha Brokerage_CUST_00554,d8b52f08eb395c504d71be38348b29595930087793b04d86410782945630fbd1,25581.45,23,0
Alpha Brokerage_CUST_00555,23c07aec9dde3a993ae18bc806cb16ca0e107043475f4d6342a5c45437575195,16186.25,24,0
Alpha Brokerage_CUST_00556,bf57cab5535a3623de7185c331653586ee20de08f6e90d3db81eac51ab892ad9,27980.94,19,0
Alpha Brokerage_CUST_00557,694241d6a7fd7fc52b9fe931e8bfabd6c5dab7737ee5c857e8d21b5f7804009e,15257.08,24,0
Alpha Brokerage_CUST_00558,4f38065dba017b26c7fcb61234203c4c129c56dd5c63510018992af27b469112,30586.58,17,0
Alpha Brokerage_CUST_00559,c395bde0c062789bed3e05edba41a9f82572c9009fee53687948725592992d69,26025.59,21,0
Alpha Brokerage_CUST_00560,9a6404d709d4dd69a1dd9000882c2eda526d03cff500a2e35e53876381531f43,20338.59,19,0
Alpha Brokerage_CUST_00561,a830baaa61d0cbc8924d694586f817b1e094e356644c0da2cc2259fe2cf8e89a,28698.66,30,0
Alpha Brokerage_CUST_00562,39daf4e3f07e44ee0e0678c544e7f2e660d11a5aa68210d5263d288f0d2c027d,25409.94,17,0
Alpha Brokerage_CUST_00563,67a44b9b492183fa897cc52356cb4578c4805dd432f3471c190de81bfab3a914,34416.99,19,0
Alpha Brokerage_CUST_00564,6e6280685d8bcaad30eeac01a24792b4d74fb6bd04586892757ac5c6af6e1f9e,29611.1,15,0
Alpha Brokerage_CUST_00565,2b3b7297576e33e11d2856068b04c02a5e521f0ce4dca0ebf00c1c8a25fa24d5,47508.11,17,0
Alpha Brokerage_CUST_00566,98e2fb3e2f7bd3608df9a713f0f5ff5596e9bf53adab37c7b5117429f0bf7332,16096.9,17,0
Alpha Brokerage_CUST_00567,7face9b5d57df4d769b333aa49780485851e2d73c271f286622c795c357a2af0,17501.12,20,0
Alpha Brokerage_CUST_00568,70ebee12af906b296559529f9c4d90599000dcf4173949059b72d86b63bb4938,26608.1,16,0
Alpha Brokerage_CUST_00569,6f1b0ccd30939b1495560df16f923a7d3f6e80fe00ced1472800f1405421491c,14869.41,16,0
Alpha Brokerage_CUST_00570,c8cc1dede1d9e420c641581d44a96dc03ab162a32221865348d41e1503d41dca,8289.22,22,0
Alpha Brokerage_CUST_00571,86ac0b79e7e87b77b27d3bf082aa09929631c065738726f7da4e4473ce9c51ca,20267.52,19,0
Alpha Brokerage_CUST_00572,1edd2b915ed4c4aa171c0eedb0c80955ac4fbfbe948f9308daddad4dc86b5685,23224.7,27,0
Alpha Brokerage_CUST_00573,97a7eafa461b2feb32b437f5018cfb3af8f9c50cdb91517e831ba3f4179c0a71,25635.44,26,0
Alpha Brokerage_CUST_00574,22c50744b31a6db4b579c20f14d8a50aa52d43c89a71225aaece308fe2848036,20080.65,13,0
Alpha Brokerage_CUST_00575,83fd0daa21e5bba0cf10103fa290ebd08622554013da8389f65582739592ef83,24679.65,21,0
Alpha Brokerage_CUST_00576,e3421387b3b46573fbad822b8d2bb99ad0f8f9778efc084901e9d2e8c512b6a4,31464.78,25,0
Alpha Brokerage_CUST_00577,b96df05892904a5da4e1a581f57dab1e169b0703395cb7746e5c7280003d5319,14095.41,14,0
Alpha Brokerage_CUST_00578,1118ff860cd2a6b8c937530e63ac8a3626b7f118f597a76884d34c5695a10632,19558.28,20,0
Alpha Brokerage_CUST_00579,3286938c253ee77a574042e2becee6f60600cc693a0c49b532c72c57933fc229,11973.35,20,0
Alpha Brokerage_CUST_00580,6f1d82fcce43b31f1a14abd645b1edb1c3b6d5a76f4f23755fc9c9a5923dfd69,33175.39,20,0
Alpha Brokerage_CUST_00581,484917d81dc495ac0f3c85f03e586c8ef88f153497ea297988d943cd550f4ea6,20299.87,15,0
Alpha Brokerage_CUST_00582,7732ae30ce19320a38b114a4695ee1a404f88edc3639753f69a8ba0649808806,13619.21,20,0
Alpha Brokerage_CUST_00583,54d5104f6819de341bfb4f56e4afcd6abbd9abc87f77471baa1d87e46dda16af,38510.55,19,0
Alpha Brokerage_CUST_00584,171af316157ad72596299cadba30f90bd2aebf73e69bb69de2cbb51957690406,14168.14,27,0
Alpha Brokerage_CUST_00585,87e54b0e66e41fa2554fc8a8a597939985e189034366e2ee41500b980e60344a,15582.46,13,0
Alpha Brokerage_CUST_00586,c4589e06a11ae1cef1bd059c9b5c51159995e7465dd1321861436c5024fc93eb,11781.34,22,0
Alpha Brokerage_CUST_00587,77a9d1b16036e19a840f5fd8a6987938c6109588e9343619d6c1985ad5a6bfa2,6221.59,17,0
Alpha Brokerage_CUST_00588,773f3b5084d28ee91998a26b71a8a4fd13783d488f29f701889846d62ffd7b58,25935.7,20,0
Alpha Brokerage_CUST_00589,87ac0b43974619f7a528f078d357c11a8830d26ca99179ea333a4fb3aa53f19f,28718.14,22,0
Alpha Brokerage_CUST_00590,b5e91eddf7bc6313a9ad01afb751d98b7fb2b4db9ed117452189f98bb0db8b4d,11929.21,19,0
Alpha Brokerage_CUST_00591,6c161999a6e63bc9e55c2c3b9b29fbdb1a276636344ff9d4b23b392ca3f29c94,17662.74,20,0
Alpha Brokerage_CUST_00592,c3b598400a10602c9e2e304464cdf620965f52201f3e9d59a89000991aca26ee,36940.59,16,0
Alpha Brokerage_CUST_00593,642ce44dcfcf9e8c13b14bc3f13621129d79a2bcc40ed9e099432977ac4ccf1f,25642.08,16,0
Alpha Brokerage_CUST_00594,623d8c395798f9445e215035740e407380cf67cc9329bfa5ddd5ab6b85cd785f,23216.88,24,0
Alpha Brokerage_CUST_00595,cd000f79cc62149863e94fbb0e40302130bd327a27fc075d56f5239b7be9e4c1,23649.96,18,0
Alpha Brokerage_CUST_00596,ebb71fb2da6d50356991f0ac6019021af6dd6137ef0a60c9ee77115fc172a26b,36550.77,22,0
Alpha Brokerage_CUST_00597,1983ecd0af017c1d3dfb39e6f2c02ae462613cccbfc1296077ea83361805c6e1,28136.02,24,0
Alpha Brokerage_CUST_00598,edb3fba3d76d281cddbd6932bd20e998cc7e25de931c6af3b2c7dbbf75b1ec8e,25880.4,17,0
Alpha Brokerage_CUST_00599,f0f7d04647acdf1d4df8dd0b39fecde6526f3bb7716e4f3e90ccb13ba398aa8c,8571.46,21,0
Alpha Brokerage_CUST_00600,c497204cac8e994354f38acb587295d6a185eee87ec780fe1426c00a787ad7fe,38575.86,22,0
Alpha Brokerage_CUST_00601,c7e76a694777a8a35aeca4905c0d4cdf70d11cc386df60a13a895fcf418ce72a,50138.03,18,0
Alpha Brokerage_CUST_00602,4acdba37ea69ebbf2554cda612552cc3e409a7c45a36a7b62bff96804d352c81,19389.18,19,0
Alpha Brokerage_CUST_00603,13450e27a4f4596ca8ef1518fb2097e1659487e5584bbb1691866857855848b5,40696.27,19,0
Alpha Brokerage_CUST_00604,378f199d9c7992de2519dc6f3b75577e9158044736d481836b436140f657dbe7,40488.1,20,0
Alpha Brokerage_CUST_00605,317d3e47416851176903aad93ad70755cfa9b10e4a570a6d152c5dcacced5f25,16936.93,21,0
Alpha Brokerage_CUST_00606,889aac3ca32df2561333029fddd90d764037b9b934871c8bc485c254b30f05c7,39771.69,19,0
Alpha Brokerage_CUST_00607,17ccdc0e50fa55717f715b5bd52078883b67efbce3242e7582c429735fb6db70,17365.25,19,0
Alpha Brokerage_CUST_00608,bc6fe2d96b09c7a191e91d66ab37429c79f3f1cbb725b162630600e0fc8bd2c2,32913.24,19,0
Alpha Brokerage_CUST_00609,f30a6fca4882eb9b290c47e829d1b9b407fdf126f00eb1c955b452ce1e44b75e,15152.63,24,0
Alpha Brokerage_CUST_00610,5a95f3f088a0b596e3cf33d21055fa3052fc3e9c3796415922b9d8fa70462108,16085.6,20,0
Alpha Brokerage_CUST_00611,c49439966f42b51c772d2f5235b6bdd5f9f774e2d16949c45ef1ef46efa7b402,10870.41,24,0
Alpha Brokerage_CUST_00612,55060e1ffbefe061ad5fee6b2ffc856155327a3f2b4c021aa24e309da412b747,20312.76,18,0
Alpha Brokerage_CUST_00613,c1ae4fa651707fd9c63c69517dfc511973bf02cba9e3354ebad1874e9bb2cef3,25751.03,13,0
Alpha Brokerage_CUST_00614,8cd1b0b0128fbb883f6d83af697b4a7ee383448b5927e790306fa4e8b6444c33,6456.77,25,0
Alpha Brokerage_CUST_00615,9e1011b65dc528f2e54f94580fdc2a62ce87607d01c299a659fb7d285d65130e,9500.12,14,0
Alpha Brokerage_CUST_00616,04f1967b71a5d09312b13ffc1de93bd4ba22d1e08091883d736e8c8ef24477a0,25634.7,23,0
Alpha Brokerage_CUST_00617,a57d1d36740c89f5d69858059bc7aaabe873da94722c39484d9e04a6039f6cc3,40195.96,22,0
Alpha Brokerage_CUST_00618,1d60f8554f149a3be18db6556d3099e4a4fc1fdb8f5f81bfe7bebb401bc3fd6b,36004.43,23,0
Alpha Brokerage_CUST_00619,3bce4f613955b618bd6f15c7718286d4005cd1c0bee37fade91dcc0a17058293,16186.99,15,0
Alpha Brokerage_CUST_00620,542fd1dae22541916bc03f96fef5b328b28e9ded2202e6c8a6e4d98922fed4a8,21697.12,24,0
Alpha Brokerage_CUST_00621,8d538b18dd5eb460b4fed609cd273fd076d611bcd64692eb5539fbf866e4a7d7,28735.78,21,0
Alpha Brokerage_CUST_00622,3e82980c28433ba419c06eaa4dcc1af2060b9c949a8c8f2d291fa79b89961a00,32233.44,13,0
Alpha Brokerage_CUST_00623,372b3c99101b0d822405fd7c5a0ae315be7754d552bfc1c80b32481390f967e6,8744.15,20,0
Alpha Brokerage_CUST_00624,7d3fa0507c671076ca626f6f301abd1c2b988aa3dfe08615bb341010cf9bb773,29769.55,28,0
Alpha Brokerage_CUST_00625,3764807bc7b38b8cac2d3f22ac55e656a78f3c3908fc007520bae1cfb9d79e63,13347.54,16,0
Alpha Brokerage_CUST_00626,f6fc62efb3607b621ad769e6c63a520c5430aa66b31259028f321ee0219a01a8,20031.62,20,0
Alpha Brokerage_CUST_00627,5d66888d9e372452005bb763e7293d4025c076fd3ff96b58d9913b7cf80cbeae,28313.86,19,0
Alpha Brokerage_CUST_00628,39769a4e649163dbff17b57108d62c3e6944962599fd1333fe4e511a41bc09da,41756.84,25,0
Alpha Brokerage_CUST_00629,0f9a32a567dad3cdb192da93a1d35b0dd99cc98c409653c8aa8dafb6f7a6a90b,35502.94,17,0
Alpha Brokerage_CUST_00630,b8480fb29fcda50e96cd5795fdc2622a2a0c97642abdbf6872ef6dda97a4e588,13655.29,22,0
Alpha Brokerage_CUST_00631,b076ea3bee2bccd8fc8b7b32aa585ff7a63be4d97085c128ba29b6214358864d,9208.19,20,0
Alpha Brokerage_CUST_00632,e5c92541a6ff43eb75f73e1f79e059e15a6086f56469c04f47a34f19b456ff69,42112.43,22,0
Alpha Brokerage_CUST_00633,3f02c3e83ca86baa5e54dfaeed1152082d611ae25233cb7408755cdd09988a1d,39556.64,14,0
Alpha Brokerage_CUST_00634,38711a3b2eeb5a9839f57dd92f39db27dbb4fd22853b81404fa8dbbadcdeeec3,21588.82,11,0
Alpha Brokerage_CUST_00635,b4c6172a1fe7e48e32d35ab3f2d30446af420137c195b067a6363d6b19eeae86,16302.5,21,0
Alpha Brokerage_CUST_00636,546595d8048bee6c69547440ec8369a04b25150ff0379670fc8a34234b25f41f,11346.47,16,0
Alpha Brokerage_CUST_00637,14e28be5e8463472fd240eabe12cb37c51fbbdf6296ce14eba22f378c9d973f5,20024.98,15,0
Alpha Brokerage_CUST_00638,563ff5536c8c98f940c8593432d91fce56f01af668ccb10b2ea79393fc43aec5,22436.12,25,0
Alpha Brokerage_CUST_00639,7ac5efd07a6d6a4c67de8220972c99852b67cf185864d6e8006238cf6aeb287b,18367.91,16,0
Alpha Brokerage_CUST_00640,68028a9ca341eac9f29f534cadd836debe3cc1d3831c954ba630a10d1e6f368f,49392.08,20,0
Alpha Brokerage_CUST_00641,a3ea1bd5e1032b28e25eab48d13ca9e55f9d0e417cd26adfc77dce091e817a7b,25666.39,20,0
Alpha Brokerage_CUST_00642,4b753d249dc9fea67f004ab6a6da07d6b4327cff1323b7aa23a5300e54b8addd,37369.47,16,0
Alpha Brokerage_CUST_00643,2b8dda4d4970b4ab213cad22a411c13e28e8016f279bfe027e49f8673bd4f502,13566.56,14,0
Alpha Brokerage_CUST_00644,a52f4a120bb11aaaab47eee9e0d486e5cb730cce6fba307f3208a5a5e99dac89,48460.23,16,0
Alpha Brokerage_CUST_00645,1ea72e6831cc10a1169a8ef90fc5cdeed45f46d6cabf0813aab2ab22b8f57162,24833.63,21,0
Alpha Brokerage_CUST_00646,758d271c09feeb15f1921c9fc0de1c2f02463dc252f9e9893c43517ba15d8b1e,29955.9,20,0
Alpha Brokerage_CUST_00647,f177ce9895e348a862dd036621983c48a0e592d333eb7ffe971690a565c378cf,15068.06,15,0
Alpha Brokerage_CUST_00648,cbd59a4eb7b83e5e435dafa83fbd9c30296ea98c81b7d6522b84166bb8497614,24685.44,13,0
Alpha Brokerage_CUST_00649,357328e2fa322c2a34836d71e52615823c213f0ee063612ccbb0c4b4962645fa,35820.63,18,0
Alpha Brokerage_CUST_00650,4611cb7e867f1c7525de0d01e543f4b2d80fa4287d0283872cb9a2d7431e0e59,16959.37,14,0
Alpha Brokerage_CUST_00651,0858b1ea4a86732977387f35448a4b684d004b944a5fd976c3b049cc2ee0ed8e,21760.98,26,0
Alpha Brokerage_CUST_00652,b756fbb1ca538b6bbb49e14519641ef798096188db3fac5d16a3d94c5e70cbe3,17010.22,19,0
Alpha Brokerage_CUST_00653,4ef18163b6563a1c9df37133ab82f04cc0971be02bf4ad3982da5e7419658166,30905.57,17,0
Alpha Brokerage_CUST_00654,1e355ec910107fbf72ef86c9ea94ad515cb348c783e103d730f771105aae4a7e,23903.68,28,0
Alpha Brokerage_CUST_00655,3be92b5f33f8c92a13cbdec404dc20487a606af5ae252388153c54742c166d69,19313.09,25,0
Alpha Brokerage_CUST_00656,4b166aff2405cb74c46ca36e5aec5f295a08f39cbeb32bdfce9d17805aedd1fd,35244.32,14,0
Alpha Brokerage_CUST_00657,f073c017762f2b6b36ba800ccc90e8c176a56235e3fa9fb3fb7705772cf4ee29,34719.31,20,0
Alpha Brokerage_CUST_00658,717bd45ab65c68485f2f89b43be4ea8463e007e961cd36ab7c34dd5ca8cf8cd5,31932.04,10,0
Alpha Brokerage_CUST_00659,ea7acdddfc08e9f13075b40a9d6017f636b8df36ec4196c66788daf5a6535ad0,28994.12,22,0
Alpha Brokerage_CUST_00660,ea5cfc0ed9e8aafe299c32b0a9936ad8116c0269ad63cba8aa51f307cb5e32e6,23818.12,23,0
Alpha Brokerage_CUST_00661,fe477c6d90cb1a6d61f111d8bde66215a09787b2e522ef8ba6b9c76ae9e85f25,32347.51,21,0
Alpha Brokerage_CUST_00662,dea02cc8d4dcd9d898a927e31d37334d63a64ea9e377d34ee60d8332dc9fee69,24893.44,11,0
Alpha Brokerage_CUST_00663,c6539acfab4f5ab8d589281f7adaeb589f1d1b6fda4b7ed5e18a6f063194827d,11981.0,26,0
Alpha Brokerage_CUST_00664,41a5990d769e1ede6e222695c6edf5bd5d19463b7302d73426d3f0efe9cbb06d,6611.11,23,0
Alpha Brokerage_CUST_00665,72dd25413717c439cd4e4d4bf8b5606c5fd1c532392652d4712cf95f4a3acb40,19834.98,20,0
Alpha Brokerage_CUST_00666,0d37fde50abea5c40ddbffd2937c5f7489eea031cfbbf7adde1be4230c171d62,33402.04,31,0
Alpha Brokerage_CUST_00667,02f9c47f633e790f669ad42410ae20311fdfc8799407de5be05ecc3c3bc39f4e,15110.24,16,0
Alpha Brokerage_CUST_00668,c313afd2fa341cd6d4d8c92fbc1eb9e926a6f3ae73dabda1a8e3ab0cda62b030,37586.8,13,0
Alpha Brokerage_CUST_00669,58edc2fb61d9afcbbea78635ad7f55b260efb3ef83633723b7f865ea2c00cb8a,46267.4,14,0
Alpha Brokerage_CUST_00670,cfd6ce48833b6c08cbd8299954663d55a923d264060e8bfd79eb1eb8e6146b04,7731.25,16,0
Alpha Brokerage_CUST_00671,e7fdfa165429a8c3f5ce78e9d8127a8423fab7d6234cec28ae3657a3d65932c0,11742.34,22,0
Alpha Brokerage_CUST_00672,93f2f0a6e16eb3d70c7209f0ad7b2dd0057abfe4944741e93f225a47c3140d13,21042.66,24,0
Alpha Brokerage_CUST_00673,cea7c631c8ec314e8e810211da82e08083a843c6f5f5b11a76e13be18f1be4b3,26932.14,22,0
Alpha Brokerage_CUST_00674,c0d33dde56d92e2e0a83bc1bc7fb94138d7d657dd246f4904745b246de6d8413,18651.23,14,0
Alpha Brokerage_CUST_00675,c87254d0e55210c7deffa3c1fea23c75980232ec3f3f96d21933f81f1e5ced6d,32913.91,19,0
Alpha Brokerage_CUST_00676,f276a2577013a5f996f6b1a3ed92d076fc3da43762194b0f219452663de5bff0,25468.76,21,0
Alpha Brokerage_CUST_00677,26fda0ed2f30767b751990f5d8d610b5b855dbb26b533687752be128a80c1c9f,34186.56,20,0
Alpha Brokerage_CUST_00678,7d604409cdb7beff81cbf03d404ffbe54f56332a325014f77530f718ec7d8ed2,15618.42,22,0
Alpha Brokerage_CUST_00679,b39eac15b747e72d364dbd9281d07d84c66fcbc52cb66613b1b90198d4a05820,29230.83,26,0
Alpha Brokerage_CUST_00680,93e69782dfd164a2fc982e28bac7e9935237c8a30ea53801daa87798d37323a1,16008.82,16,0
Alpha Brokerage_CUST_00681,a8e3df777b69250ad9c0ea86a4239ccc9dc9577605d569487dd2e445233da193,19841.45,17,0
Alpha Brokerage_CUST_00682,4a862785d82ebc22bef6f630f1bd29d22261d3d816b4ec25e8354b75840ed707,36709.89,20,0
Alpha Brokerage_CUST_00683,2e2c09127c2bf4693591ff6dcece304f2db743fdd48e0ce8ff101cd0fc5f1fb2,28960.69,21,0
Alpha Brokerage_CUST_00684,8e345e5c4c9fbbec90f06ecc80fa6c0fd4428d47e7a644aba505d1ac70b67bc2,16817.71,17,0
Alpha Brokerage_CUST_00685,ee914e8f7cdc686ebd34fb8d8d91ce891215ed2686569d8704b5e996fafc1ba9,36113.11,14,0
Alpha Brokerage_CUST_00686,0837b9a62c50c5fb01bd17b21f27af03a141f2fb0c3c96f3679c955f957d5190,17288.97,23,0
Alpha Brokerage_CUST_00687,6d760099d25f7d2e92d2ed6368d4b23d18e26981914ee4eba21a7ad070d131c4,35530.47,17,0
Alpha Brokerage_CUST_00688,84b38cf6b83aa5e93c7f39e50572fe5aba4573af5bbc0c06bad4c5bcd962d76c,46932.58,23,0
Alpha Brokerage_CUST_00689,2a037ee36f2eaa7e3e1ba3757e4f06fa0a9e38923fee07c67f04713c5d639e06,9310.23,18,0
Alpha Brokerage_CUST_00690,c3e6cf84e1995e6556bd9ad2a14f044166fc0dd75deb6d58a167a76fe75aba31,50011.19,18,1
Alpha Brokerage_CUST_00691,fac87627eef90288c53e53db58dd1b212ac3ca4e9d52e839798652e98f95a610,9135.66,29,0
Alpha Brokerage_CUST_00692,eaaa4a8a4573b213658e98e5a7c492b274219a1b30d1d70278a25f1915dcac50,30383.68,18,0
Alpha Brokerage_CUST_00693,bc0985b3013dbd52def9f3c39510b6cdc45cee5af264a5cbf868bc3980a89168,27344.03,22,0
Alpha Brokerage_CUST_00694,74713f4954d2d2707de9fa28bae6c07ed57aac70d93063b418e2049f4449b2cb,27509.61,27,0
Alpha Brokerage_CUST_00695,05a11242bc503499c0e58582460840e2261f81d327fdbe6e77078c53abc80c6c,22557.86,15,0
Alpha Brokerage_CUST_00696,62c0b2baeaaf5b183659f7f4cf3c263e1c65dabac08c227b22c0bf6ae237e3e8,29886.74,21,0
Alpha Brokerage_CUST_00697,29824ce67a3c5f11008bf196f7f44053e5d0ef15a84d6a191a4d32161b6048cf,60170.52,18,0
Alpha Brokerage_CUST_00698,f70f7495914121412058d6d5c0aed52d9c6a8e29ff702062b6d5562c39636a49,13286.9,17,0
Alpha Brokerage_CUST_00699,e01b4ca189534f93cc634c1407b83a7236872b763370dc5565dcbdab6eaecb51,16325.5,28,0
Alpha Brokerage_CUST_00700,4944356e2e959329a6ab1c627504ed82c196d3d2e46848151c1ed6c53d43c425,16000.79,15,0
Alpha Brokerage_CUST_00701,f1e7e4151a8ee33d0e9beda83670078b1501c507b7d79d937e30175c6c519207,45126.49,21,0
Alpha Brokerage_CUST_00702,79000a9230a284b4e982ab9224287799f06b7b7ae3b66b5fed300a8ecc31a3fb,24570.47,24,0
Alpha Brokerage_CUST_00703,10c6efb9dd80e6f401085cfa45091ed7860139cdcf289b17feebdad4fb6a4461,29286.13,20,0
Alpha Brokerage_CUST_00704,486aa843f7047a86451178602ea0b56a5320c0cc0f05d83488e265becf8b5383,40017.76,17,0
Alpha Brokerage_CUST_00705,2eb07f0169d74d924ee6cfce5c71e93d723187da991497c2777d0e0955e91271,14875.4,21,0
Alpha Brokerage_CUST_00706,5544c1efa2d1d060a9b2613fabbf4f06934e9ab91a8d3d125ebf2dd3386ce737,24419.76,19,0
Alpha Brokerage_CUST_00707,682764de4d5a87ba05f02a9a92617ddea6ecbb41c2dada7cdcc57c64f944b17b,33389.96,19,0
Alpha Brokerage_CUST_00708,42dd9139fcd4615f1e91263c4d39e0adbb85e7cd9a1873720dddde8dba74e923,17014.19,22,0
Alpha Brokerage_CUST_00709,0897557de53466cd81a97c448462a2a0134d2f1525d2e473b13d6ec9cc16b53a,17816.21,20,0
Alpha Brokerage_CUST_00710,17b3bd6b0fd29e708973343fb8e7e09123b7337ea4c06b36e1df2af57b5f068c,19922.03,16,0
Alpha Brokerage_CUST_00711,70b2b08374d694613847f392b6a6b9d7d399a13b8c0b0207608d259648538b23,13317.92,22,0
Alpha Brokerage_CUST_00712,287b27f4a0911c8ed66b0dfcc33b23ddb4574fe21c12621a0137a28456b87507,29602.37,15,0
Alpha Brokerage_CUST_00713,501d77314bd7384d179e870bd0c47d68515407e3648d314ee4cfa14ccefa719c,22185.73,23,0
Alpha Brokerage_CUST_00714,f2d9c5e8e04ceeddf197a1157e14b4a5f0260e0bf38cc44f644de2534cedcff0,20556.06,25,0
Alpha Brokerage_CUST_00715,4931f7255edeed4a63db3d59467de1acd0e52c26fa2ba0b11d5873d65a3735ba,34108.27,15,0
Alpha Brokerage_CUST_00716,504be358e9dc48673deb38892de329dc8bbbc7f8768fbb323598415cc4416146,17034.63,15,0
Alpha Brokerage_CUST_00717,fca3500084521d0a9b5a7ec7d2c151e64bfa5fddd465d059ed41d7c008e296f9,36008.16,18,0
Alpha Brokerage_CUST_00718,e68d72ff18b12f7dbaf5bb623dfb2ced94fbe9f85a0701e40aee400ebdce2480,20804.85,18,0
Alpha Brokerage_CUST_00719,865e7c0c0c0537374b8eecdb37d5a6fd2a9a2f5277785837ddf1614b582122eb,30542.06,20,0
Alpha Brokerage_CUST_00720,1aace1cf954cd2ee5e73ace75efc6fce295f6afc56573d03b5a8e084dbafdfae,17454.07,23,0
Alpha Brokerage_CUST_00721,34de8ec56c4e065b315be669531ecf0e940dfaba3c09ac3075033cb533e8e523,22997.02,18,0
Alpha Brokerage_CUST_00722,9b37e3b2f070f20fedd44e8db7991c325da6b1b9aeb7ff3d207969f4f5696f91,34656.28,18,0
Alpha Brokerage_CUST_00723,a31e6b3439b32452551b5ee16fde3086fae89ee35f4ac91dfafb6149f1aae551,11375.48,20,0
Alpha Brokerage_CUST_00724,279c2e4793bdd6990461f81db0f045e45e5f3e24bcdc20fb45db561587a16471,17607.11,14,0
Alpha Brokerage_CUST_00725,85b8fd16093aa0c68aeae3baec0035a27225f8f991863b009e9060f15f0b1b26,19525.23,20,0
Alpha Brokerage_CUST_00726,4d6e1776eb72fe25b299d310b03b717241c44505b2105841599c2017d20c2b5f,45824.59,24,0
Alpha Brokerage_CUST_00727,425775cb0b825eaada6561e8b28b5aabdedf1842c9046bf7dd6b54e179fc486d,20170.94,19,0
Alpha Brokerage_CUST_00728,8e5fea3218f6b0a59072c749868ae7888e539cf7fe398a1ceeb4d7e73ab7ea55,30611.51,26,0
Alpha Brokerage_CUST_00729,a0c3b5fb93159dd8d6cc58e2707ade52674c5c403945e00c57acc3df5df25242,24218.63,22,0
Alpha Brokerage_CUST_00730,e6d9403ad761532ee24cdb0961d86203b36f6057363ce37472b43276470cbff5,9031.36,25,0
Alpha Brokerage_CUST_00731,877a842a7c17537651437f2256b3b482e0d3fe03d95b093ef8db52b64b1ad053,26332.76,23,0
Alpha Brokerage_CUST_00732,f96fb3807c06fcb53d50e23ec0a8e3929c2a8c106e2807d8b0e719d27794b0e7,17087.1,16,0
Alpha Brokerage_CUST_00733,d7a7445407bccd91a79906a71ac82ddbc97df75390688ed624e2111798be3c08,23684.92,25,0
Alpha Brokerage_CUST_00734,2314460366553bbcc33e07337eb6624c80475c5c5ff48294b266d35e05b43e48,8620.42,20,0
Alpha Brokerage_CUST_00735,8825f9a2549b1a6de65adea271c214a6e0604544c3ba0a8cc50cf236c8ece88b,7462.84,14,0
Alpha Brokerage_CUST_00736,2e89c9b2f89a2dfc1739b5e23713a7ff8098a114f5464a5d9824f133da7718ea,15147.32,14,0
Alpha Brokerage_CUST_00737,e9a82cd732ecacc2aaf7db5cce04cef2269ab4f6190bd26bb7126617f9a737ec,25703.0,23,0
Alpha Brokerage_CUST_00738,19f989ca6f76ebd8532e24d3f229729ff8ee8ebbc2d3dbb8a9c14b3ce1c2c679,39649.74,16,0
Alpha Brokerage_CUST_00739,2155c4c25e461b23daecf73df2888956044c1ba0f2345734e2a2d1701fa1be3b,31931.11,16,0
Alpha Brokerage_CUST_00740,fcefb177cb2b2f43849c3335f246db40f33f99b3c56d51db7f1dea9fcc9046c7,9791.27,16,0
Alpha Brokerage_CUST_00741,f62e8c11fd163d902a773f765da6970dce17fbbb15908cf8a6b6e52ac7e0b316,16443.03,21,0
Alpha Brokerage_CUST_00742,913554d2edc7f8a265926cce2cde831d5b6426e50351c1622886fefee165b8ba,22019.3,11,0
Alpha Brokerage_CUST_00743,33b156103520f8624cfd275511cdd81707fef37ad2ba02fe0373829a1ce2451e,34881.05,28,0
Alpha Brokerage_CUST_00744,2035d5a7c243607dbd525266bce5aef5aa0359c765b16e95a9d2a7b751551d3a,20849.09,21,0
Alpha Brokerage_CUST_00745,a9e5dd37482df9f869c8a8250d442c844431f4d0fed7c469b23472e35d64fce0,25237.03,14,0
Alpha Brokerage_CUST_00746,79529fadfa6bd548636cdccd1ec39970c044b62e0435217b0c2594e265e76479,24102.7,23,0
Alpha Brokerage_CUST_00747,ac1b7caf1ef885b499e3bf69fb62dd6fa375241b45d1ee5d6a85f88694b785b2,19474.17,21,0
Alpha Brokerage_CUST_00748,7c13bd84aae66f29de3ec842ca580f6a860f9017c35f5d8fd1f4969ab32c6313,33524.9,20,0
Alpha Brokerage_CUST_00749,425598aeada4c0c5b65aa942c3327c04a1b9c98e32a2d97a02a4f92e7c1e4cbf,35468.55,17,0
Alpha Brokerage_CUST_00750,ec55cdf45780fd4b29ea755b636cf6ab332db6e89a8a7666da1fb5e7d426ca6a,44652.7,32,0
Alpha Brokerage_CUST_00751,1f90281f5b1c06f100e95548bce444838f2547f2a41ee137d64d2845714b643d,31797.93,21,0
Alpha Brokerage_CUST_00752,cd6d0ea40576948d5bc14d71a82421bba6b8bb37d7c69b8bd4e0a07e9a9c37d1,33935.93,16,0
Alpha Brokerage_CUST_00753,d47fc005bfafd0fc8942f7bf945a0e84d4a96949846fb0d64b9c793d47b6c138,22556.43,19,0
Alpha Brokerage_CUST_00754,2486ffd9ed7248e1447c47c419d4521ceab508b6b2b3e7f43143b5775757af79,7778.38,23,0
Alpha Brokerage_CUST_00755,4ca0373a4b55fb0bb279f995f23b65d5ada2cf65686fd2de090ddf624a9cf103,18917.49,17,0
Alpha Brokerage_CUST_00756,e630888f731d82ca1768c0ecf96d7f7d9d25e1ed47b3f17ddf7bb095ec98e292,20380.58,18,0
Alpha Brokerage_CUST_00757,950bb05b143bac86b22918f15365d7d41827d69b2efc58a91fad311d1a15908d,20358.55,25,0
Alpha Brokerage_CUST_00758,3e46233c1741902b3581c6b7da742461dbab9cb3fb8eeb7b22927df3cc0169b1,36015.62,24,0
Alpha Brokerage_CUST_00759,94643928b785af08811e38c5154455d69a0854eb06a73fe20811271e753d4e23,14651.25,14,0
Alpha Brokerage_CUST_00760,2328e87c662193088143d05321a0202dc2aaf25be1c2fe88b60cc6bf45e4349d,27166.24,19,0
Alpha Brokerage_CUST_00761,6818f91200d4ad3cad1718a966cb9619e11ff84c58fdba8fb1125215f42803b8,37384.73,22,0
Alpha Brokerage_CUST_00762,a5febb8b96ae4909fa9ba77d01cc5491fcfb067aded3d70944a3c26abb3bf91a,52195.3,16,1
Alpha Brokerage_CUST_00763,35efb578dec91bff417966191574fa49083ad773f2a3bee03c255ccc334900b5,15412.4,23,0
Alpha Brokerage_CUST_00764,6407679bad491f8100c28e831664a8945638c793ac4f819315db632745f94012,17783.59,21,0
Alpha Brokerage_CUST_00765,2f7a2ccbb5ccbd692b6e6dc5171971b55811af6c4b7facb0a95f73ecfb27de50,27161.69,23,0
Alpha Brokerage_CUST_00766,70d97fe9866b3e18ac5b0555e3e65d0361099f10f1a2c285fbc450dae1613e5a,13866.5,17,0
Alpha Brokerage_CUST_00767,6a3d4f0989d64466a6d3330c908579d0aae0868c981af532ebcb40b425f9d34e,21039.57,19,0
Alpha Brokerage_CUST_00768,dd19c32dbbba119bbb8d765481e4518ba8dcf7d24c27a8fd7dcdd51b12af96ba,33162.51,15,0
Alpha Brokerage_CUST_00769,ad6b08093c60b225ac287b2a8487512ef8ac7c9c8d8e01af79c1e464283887f2,25620.62,18,0
Alpha Brokerage_CUST_00770,199a8d0c1c97b4374a3e851176b8c5115ad45930e02537294424281b7161b04e,21327.31,29,0
Alpha Brokerage_CUST_00771,3ecf96ec8e975fcaa571475b4c028062fa61edd8ec300d62dc5376735e08f599,19661.06,16,0
Alpha Brokerage_CUST_00772,f8ee71a451283ef4a56b7ec6004a8f1a503b5b0228d2e561f8c9037c7663a388,42881.29,12,0
Alpha Brokerage_CUST_00773,a67529ce7a788b205ef92cb923d7c10f7f908dcb44b42cdcda2ac937be9e8acf,41054.97,13,0
Alpha Brokerage_CUST_00774,1376524b1ca3e34e274ed4b97ab94f43b1772a30e6ac114bf28b65eaca9738b8,26838.27,19,0
Alpha Brokerage_CUST_00775,b4a6d054ef88bb7241088ec30d8c74c865b00288f2d215a3326cc83c71fe06a9,21523.07,17,0
Alpha Brokerage_CUST_00776,b8d2ef9d2df223b2391e55770d2842644b4d5d7db88253cfcafad5b5afc92775,21713.92,18,0
Alpha Brokerage_CUST_00777,ce429286540c4e7e5e9ef7223e885f9677596bf54d0f108e69c757d7834b7f2e,17630.81,20,0
Alpha Brokerage_CUST_00778,125d4538d4b9ae87286ccbbe859fadaee4a1b740926ad8724153d65b3477df3b,13470.99,28,0
Alpha Brokerage_CUST_00779,06f1e82a09ede3a5dc4ae394e77cbf2f3854281e73ea9c1f155a38d2027edb9c,37060.23,18,0
Alpha Brokerage_CUST_00780,80a95b353ffaf5400d6bacb9d29412966bfd5cb47ce880c7195834883cd6ae43,23384.9,15,0
Alpha Brokerage_CUST_00781,f9cc3f31d9ae347bb9d12fc6d8756d6188845f7fb4efea6194bd4548f4069fbe,20111.73,21,0
Alpha Brokerage_CUST_00782,e81d87ca8c230c7acca1a0906b192a0f79981ceff5854f902bc4a555bfa4742e,15003.63,19,0
Alpha Brokerage_CUST_00783,84981ae0f4e5851638c4fbfbc2ce3523e813195cfe595c5ddd99a18ed9db8cfb,48665.39,17,0
Alpha Brokerage_CUST_00784,eec4f26c2fa1ede4d54afa6599a040320993faf3c17ef3a6e78281f94e997837,27591.28,10,0
Alpha Brokerage_CUST_00785,e80eb0bee5514b591fa837711c5d92be36cd5fc60b38a8fd8523adcc464f9ea2,21751.59,20,0
Alpha Brokerage_CUST_00786,3841b69ac9a60e1b5292cb88e4a8294b121560b03ff73d3fb83e61636777ac7f,32436.44,20,0
Alpha Brokerage_CUST_00787,fd9ea1782fbb88601cd1000239e83f9b0886c291ea817b0f16a626807e95df24,21561.25,18,0
Alpha Brokerage_CUST_00788,c08326c421d96e353521bf3977fb9536cff83a2d4ef357ec18228216f5522290,24765.95,22,0
Alpha Brokerage_CUST_00789,23ea349f1c97729f888d0d39e97ff163660031ddc6089104b614410dd4634ece,28244.8,25,0
Alpha Brokerage_CUST_00790,2eff2ce1c5d29c1cea1bc213e8b8cecbd949939ecae879eeb19a26395e970165,29267.71,22,0
Alpha Brokerage_CUST_00791,47b5bbade613bf1f256aaee8a803f61f7a75de950f77dd596dee0c3b0f3f2c0f,22278.36,15,0
Alpha Brokerage_CUST_00792,8b63c548cc6380fd6c7a84f365b03923c31fe51ecd3a45a5b0d0128769fe39af,31077.81,17,0
Alpha Brokerage_CUST_00793,8f2ee5d2931bac17695bddb09f6f86f1c9cbf51e52ec577efe2bc490931922f7,23382.54,16,0
Alpha Brokerage_CUST_00794,04bd57e6a80b9958acd90a4e76f54e7441b00a50b1d4ea723ab8ce341f2d3ef5,11799.52,13,0
Alpha Brokerage_CUST_00795,f934a713adb94860ed2c7fe904df8f26967766e5b5323557bb8d6e93ab10d2d6,14052.77,20,0
Alpha Brokerage_CUST_00796,5aa766b8d02b75e2023a15eb6f008af0618fdaaafc5f975493b1a752daa52b3e,15019.43,25,0
Alpha Brokerage_CUST_00797,39d43a32a8e93bfddc6c468cd2dbe49359fe1a330e98a0b2d91200864886aada,20916.2,19,0
Alpha Brokerage_CUST_00798,855b50fbc3b9507fb1db0fc6635b7bb98c3aecfdada24e82d8862c4988ab6af2,19680.7,18,0
Alpha Brokerage_CUST_00799,18c18de649b6b435770caf13f5f1c8df7e0144d0305ca2603091dc0a7749d65e,19554.08,22,0
Alpha Brokerage_CUST_00800,5b1b37c6b92b9247466e2f214e5645bf68cdeb5118e2a4067490717747ef482e,19661.54,25,0
Alpha Brokerage_CUST_00801,ff868044dca64d9a3b1344d781f627486f7cf55521d75d5c82603c82ef81bed7,26520.62,30,0
Alpha Brokerage_CUST_00802,e0321107414f92ed89d56bcf2cdbdac0633ba1a8b9379c215f5d437959f8e283,18936.82,21,0
Alpha Brokerage_CUST_00803,6e40b12aebfe4405f1a195c2a9a7a3ae90e9438e73f36dd9d2b8c849d79b60bc,43576.0,23,0
Alpha Brokerage_CUST_00804,8a0a65161c3dd7d212cf79dd94111bc9b8656d9b207a3f77877618be69893f5d,17529.67,21,0
Alpha Brokerage_CUST_00805,93aba65b7b429c9dd0394c74c559ebd626b74510e707eafd3768d11700eecbca,38923.76,13,0
Alpha Brokerage_CUST_00806,c8e42355335694a554db5eaaadf4273c6949003e4b777b98c9ab7390194d71af,24896.46,19,0
Alpha Brokerage_CUST_00807,d736f87e5e9d927dc8b4ad0ae6409bdce1f4dd4c829f41b8bd5b40f4d2bec3d1,18185.17,18,0
Alpha Brokerage_CUST_00808,999d0557d915daa675c0820c74a3ca339caa55beb3818f11e4d46d959b5dad53,18552.19,15,0
Alpha Brokerage_CUST_00809,3d60813322a1a2d7c53a818176229380587171a30a5b324a47a839088afa882c,31314.7,23,0
Alpha Brokerage_CUST_00810,a627f578030ad08e4514250740b18bd5b9ab085fc98b2e2f49b022b2c9aff31a,23545.41,19,0
Alpha Brokerage_CUST_00811,ea0f28239b354b842c91d71c81e10e88a0cbd8d4f884dbd6d2d520aca5267e12,60166.08,18,1
Alpha Brokerage_CUST_00812,578ebde9e9a99ac605769d0927387b2f00c3ac0fc573842f01d086527e2660ae,71133.78,20,1
Alpha Brokerage_CUST_00813,7c7bb507399ab18e4444bcf0972b2e05167c9a87dea6d612de7eb410047e19b3,9450.73,25,0
Alpha Brokerage_CUST_00814,9a2441a7d89749849774c1ef1a6da142cf5658b38536ea2ab63f4755a516239b,27598.05,28,0
Alpha Brokerage_CUST_00815,dbe7186d2f52db1859fc4a0ad9c6be0e73dd438f193a9ba43b0785ab66d6dfe0,23198.27,18,0
Alpha Brokerage_CUST_00816,4f1a475f9a0984e0ba40c05c4af0348faa38bb4012c78529a957e4505febe13c,20849.89,25,0
Alpha Brokerage_CUST_00817,58b14dcaf8f95604be3dd2db45f6008e19e302043a9bc1fea6791a2f902d2466,10172.39,13,0
Alpha Brokerage_CUST_00818,7fa50b63cb29378d706405b8b91f290ce39526d02e34bb5a802ce28f25bcc635,35574.88,24,0
Alpha Brokerage_CUST_00819,1546d344e0ece26f4433a71dd52f7716e00b2124202bb260a64269afc493e882,9836.33,21,0
Alpha Brokerage_CUST_00820,c9f9f45149b05716a78111c17e264dbed6edfece31d3af705bc0c6f8ddd259b5,8069.54,17,0
Alpha Brokerage_CUST_00821,4f9b0d071cd203cb174c637ef23aacde11600cb19fac19692138be1c472d3c2a,14070.45,21,0
Alpha Brokerage_CUST_00822,b089bba033b78bde4e9d7c9be075f6a1a87f0e87adced2247d6813b2f25e817e,14772.04,19,0
Alpha Brokerage_CUST_00823,aadb0a2b12f80e179afad72ef2f4fe9deb363807023294e402a22bafd3c8999b,22338.84,23,0
Alpha Brokerage_CUST_00824,e73862ec1548789aa322b14151790b8bacb71117546d84d08f3a5cb5fa6af608,23770.09,27,0
Alpha Brokerage_CUST_00825,0121264818b2fce431766263dd930a8007160d0b6139a2077216be385cd164ad,21594.0,16,0
Alpha Brokerage_CUST_00826,e1ed51c004800e1772463060136e33e4e38a0caa71af242d0c0608cd3f2985cb,39465.98,18,0
Alpha Brokerage_CUST_00827,c04ec81847f817c903fc0016a2c16b61a4088672d612dbeac29f48b9113d8a17,39686.66,18,0
Alpha Brokerage_CUST_00828,893562781d23f957734e9693bc95b20f7c2c3116e6bd128ee7f683f7022bacfe,72189.62,17,1
Alpha Brokerage_CUST_00829,8fe7385fa98dd7c0826ab75b957447c9d0a5684f70cc1cb09f5c3ce4c607c93a,19027.33,15,0
Alpha Brokerage_CUST_00830,9631014782bd8c5e93c8931d1215fb9b2e2df93d3097c023791fd6e3a2a0ffd5,20381.89,18,0
Alpha Brokerage_CUST_00831,0f8149b4a4b0d8ae7cd4342618fa52a329d6d231b15ba81cd9d53e18b48af7a7,41962.95,21,0
Alpha Brokerage_CUST_00832,f6fdcc7de89b85e13c60af0ee6db077e1e35e89e2b717715acbb16dac57ca08e,25459.84,20,0
Alpha Brokerage_CUST_00833,a19f88332cd4c0c3d52df393a687ecfed57780b21646c39a41117489302594d2,27319.24,18,0
Alpha Brokerage_CUST_00834,d1c549791f9782876085d0244448f71014e95c8b87b2be80c44ab9732d5493cd,15885.18,12,0
Alpha Brokerage_CUST_00835,109e13d37266987f5899ee92e8dcb061c31e33e9875cc881dff3d1fdf0dc38df,15927.43,13,0
Alpha Brokerage_CUST_00836,3ab5b05c912e35a70f28df7eb26267c2255e632bd7fdc96d9ba04a6ada60a2ff,37805.91,22,0
Alpha Brokerage_CUST_00837,26ec68fb0d30ab98f5377674ecc6c98fd64da4e5efaa4d608951892f692d13e4,24623.4,18,0
Alpha Brokerage_CUST_00838,c0029fd605d935cceb80c4deaad970d89dd2d1ec0656a8c2d11fc7b81c04e2f6,31033.64,23,0
Alpha Brokerage_CUST_00839,34939da10e10399b7d2ba4175025c267b981a47947475c5803135f0e4f6f1cdf,17414.52,18,0
Alpha Brokerage_CUST_00840,61aa3c79df96aa061c0f4331a54818f3f6072b6e2ec77337c6560e040e73c432,12877.55,23,0
Alpha Brokerage_CUST_00841,2dff23e97db7c72960cd030d593f2a7aa765ae9251285cf70c56aa7fd32e7e41,15899.97,13,0
Alpha Brokerage_CUST_00842,c0607538527c3011de56e9a2d76f91beb3b374604d9816eb3012841565966e56,29584.01,24,0
Alpha Brokerage_CUST_00843,3894a10743c755aa5e2eab2b6632983867ee55aa54be02aad10e5dca542e98e6,25258.26,19,0
Alpha Brokerage_CUST_00844,2ed8a6a71042d2b2e0fa4a5f77f8a5bc019b744765a480b761373f23f5270e61,31255.78,16,0
Alpha Brokerage_CUST_00845,05c582ee510577df52fdf5061de98d59af45d9c15e521112eee601c8c4ae5abe,22710.7,24,0
Alpha Brokerage_CUST_00846,47ad613a46411e6519c67b9b11dc50ac900480ac218e34b68372e75d49eedf0b,16560.63,22,0
Alpha Brokerage_CUST_00847,2938d04a2ebddbb9ebacc0cd861f2608582bdad227496f5b5596fe2f54f355dd,18232.44,24,0
Alpha Brokerage_CUST_00848,49c06c07f428eaf5f5e32eacdf87cc6b33b5a8216a2e6e138a77dc114ab5108c,13216.51,13,0
Alpha Brokerage_CUST_00849,99096c3e476915a02cef84bec386e6a9a795d99f361892ef7fc24880f020d610,16095.82,8,0
Alpha Brokerage_CUST_00850,8d531eac4a0f0eeb7adad0a927d196fc56ac822af0bdbc63dc7b0ec3b8b22c64,24282.34,21,0
Alpha Brokerage_CUST_00851,93c08d583f03ca9483a391922a1cbc3f52048839ef1b01f586118f51633e866b,72927.65,23,1
Alpha Brokerage_CUST_00852,6a514c77632e8570f86ce1c779e32badcbb5fe28505f60511a6ae9016719b7a2,12201.04,17,0
Alpha Brokerage_CUST_00853,3f3588de3d05b665109dd11d15c63003cb2f5b8dd18414a0bc38386fc9b730a7,13398.24,14,0
Alpha Brokerage_CUST_00854,dbb7aa8b5e7a6cbfa49ca941d80a578f9db5eaef9036f79180a0b8042e46a6de,11569.42,21,0
Alpha Brokerage_CUST_00855,e341c18b0a7ccccd6ecfb5ea47619315217bfc5c9ce6b635fe6aea1827820f7a,13505.25,12,0
Alpha Brokerage_CUST_00856,a07168772b264151e1512f9ccffbc0a77e5ff9914b0224ef8fed727dcb2dee81,16104.39,21,0
Alpha Brokerage_CUST_00857,cf6e4b86830d50fc43beb400e5797634507491c19e2517dd2428fc506cc6be94,14207.65,20,0
Alpha Brokerage_CUST_00858,acf2f8ae2471280187c0ba31117bed0e291c6d9cc9af54dc0e1b033009c34204,26835.36,17,0
Alpha Brokerage_CUST_00859,3966982985c52a4e4e596bf46144a772c011bf5833d4f343ebdec85bce6573bd,12648.23,16,0
Alpha Brokerage_CUST_00860,7e2f0ffc6e8907f8fc4b35766e68f4335fdb2cea7ca08e4411dcd3f340faf32f,34641.57,23,0
Alpha Brokerage_CUST_00861,c11ad8631ac15004f8e43c94851aec2440f3e4c079916badd38beaaefc40050c,19704.64,12,0
Alpha Brokerage_CUST_00862,7a64807f5dfb89d282ed8c8cfe6c3423988fb25592b22ba36661f1d3a9f8a29c,25620.8,16,0
Alpha Brokerage_CUST_00863,34622e43c78d96278f4984e0d52f244a3cfd6969c0d05ba213b095b967cafc24,16571.5,22,0
Alpha Brokerage_CUST_00864,ce6d567c7cea249b12a350a17992f797b33f5b4dc411f3b333a2cd8e93883174,6939.0,19,0
Alpha Brokerage_CUST_00865,f8582a6137c513fb05af02cee12672a8f857398cafed3f8c25dd75b6604de724,14020.76,27,0
Alpha Brokerage_CUST_00866,17b526f6d25cd654028fd9f193fe484e557e0be763e1d9f0eeba5917460629aa,28199.44,22,0
Alpha Brokerage_CUST_00867,5f590bf06262a651323f16cfb8ec584bc7a0ae0a0e489ef751aa2a0078700611,22556.43,21,0
Alpha Brokerage_CUST_00868,a7c19238f6a3e71f51558d5ec18eb392e670e5c868972aeb30b6da3cd6deb67d,10693.68,22,0
Alpha Brokerage_CUST_00869,6ccce80da4c363aa3d5eb70db61edf2dbbd89c34d3d1102271f072a9fc9382e0,44483.97,22,0
Alpha Brokerage_CUST_00870,04f4e39c00ea599eac84f2636aa66987beeec719c7556ccab3ae1127bd3a627f,25589.52,22,0
Alpha Brokerage_CUST_00871,9082fe8f30d485197362b08ae3466f31670e25a200fbe979564964eccc468697,15688.33,16,0
Alpha Brokerage_CUST_00872,5b843c87d2d6274b78e138024821cb9f479fa7c7c07d1809cfd7ae70903d6ce5,85148.87,26,1
Alpha Brokerage_CUST_00873,603f44721ce4ef4f2757e2063e4a9cb68ddd10855bd7f14b3773c0581ac3b37d,26660.84,15,0
Alpha Brokerage_CUST_00874,639cda39d22a86faf5961edacac1eecd17cb459de69a66ef7372d4670e422d67,19638.75,18,0
Alpha Brokerage_CUST_00875,8941963dbe898d0873b73b0066ea2c7cdc64c50ff96969167ba45ef1ffb3d7f5,21430.78,25,0
Alpha Brokerage_CUST_00876,926a18f6897d1d32744cf6b18c88442898c3b86083f5db8358af4455a2dc0803,15887.22,25,0
Alpha Brokerage_CUST_00877,459b612f19d8dc4481d0e5f3e0ebad7af81aa80df9ec65ee15e38aba3f03c95e,50200.72,24,1
Alpha Brokerage_CUST_00878,76a5950ed330554ab92fc367fd016e898a7f8e1df4aa3b7b9c3445c874e44543,23598.28,12,0
Alpha Brokerage_CUST_00879,8fbfd6458e642d3cd5c9d2151a1c2e83ad3feea1a2a1494e4aaf0d25e230c8b3,17204.64,26,0
Alpha Brokerage_CUST_00880,2cf0fad8f022de20a7393865b7b3292a6c69e608985eefc78fb841cd5c819f2d,27897.4,14,0
Alpha Brokerage_CUST_00881,c03ab8cadf5f4d8109b53023eca1f0fe1725972167bdf18b95039cd5cfce59b7,7678.13,17,0
Alpha Brokerage_CUST_00882,a24862993a17be6f06ec6da197d3579c06b5b326a690eca1d9136d536f21280f,24973.69,15,0
Alpha Brokerage_CUST_00883,b20a416e37f405d033d08bd61a0e114d59818cceca134950d0b5c05c43da7b40,17922.28,19,0
Alpha Brokerage_CUST_00884,45fa04b43da2b601a229539a0f86bb38fecd5606c84f85f11f74f08fdccdce9a,34802.94,13,0
Alpha Brokerage_CUST_00885,ed0ce0e6fed9c6bd3c6114bc71bf21f0dc589f7c51a4660bdeca5bee8d928407,22177.37,21,0
Alpha Brokerage_CUST_00886,08836b08ae35244f8e442d2604cf2c0480496b63269bb8d4d7b9db8d1ce92ec9,25864.2,12,0
Alpha Brokerage_CUST_00887,902132a62d6c0d153079473749684275e96f3e1d3eab9d6dad526288873bbcb2,18591.9,20,0
Alpha Brokerage_CUST_00888,b618485ca7797b0118f16b9667f0e6a3b01ee2992b7f118828b170643253212e,36348.89,22,0
Alpha Brokerage_CUST_00889,da66db2cf8df9c68e5399c25d3d310bb854fc200cd0410a6ba84be9955cf0e02,17819.28,28,0
Alpha Brokerage_CUST_00890,8252e30726ca6e118117e4e88dbc122ed4546f691170697fd38d5968a5137116,41594.42,20,0
Alpha Brokerage_CUST_00891,e14224ec821bff0515f14d17a7f5e0f665705fc4fa7ad1bf88629c337e99557f,22696.68,27,0
Alpha Brokerage_CUST_00892,1b9a377529d94990b90ad04134ac1227ae502e02b6915b33b5f761560f1d525f,54861.56,18,1
Alpha Brokerage_CUST_00893,ff1476826f331ac26cb5f5dc0532fb332d5d7f936ef111986ea8266e5d398d0d,12705.7,14,0
Alpha Brokerage_CUST_00894,eeccfe276eb954a0568a3b073905bebf7cc2d71b73178adae19d820a557f25db,26329.93,21,0
Alpha Brokerage_CUST_00895,4c1520682db6239fa94ac8b16a1666261ccd52e39d29ee8f583cd20b3d97f69c,23319.48,25,0
Alpha Brokerage_CUST_00896,e147343683715e8248d8d5a917f2c1a3f818bda97f2f512cf85a6d57f886d48e,11307.38,15,0
Alpha Brokerage_CUST_00897,be478f6cd75134492fdba77613fa8d81bb284922f57957d8020231dc956dd2b4,19141.8,23,0
Alpha Brokerage_CUST_00898,e9400981aebfdccf6da6259e75ce06d5e095b984371436e1ddd33dc1533d38a7,17579.51,15,0
Alpha Brokerage_CUST_00899,00bc015e62712f60a804577d500ce8ecdc7dfad3bc714944ca872194d125f68d,24479.68,22,0
